id,nombre,descripcion,fecha_inicio,fecha_fin,estado,id_empresa,id_categoria,id_prioridad
444ea7c8-c039-4710-8976-e334e2817efd,Beatae ipsa iste veritatis soluta ea,Quis magni autem numquam sapiente magni dicta fugiat cum veritatis ullam ullam nobis laborum.,2026-06-26,2026-12-21,ABIERTO,23b8c1e9-3924-46de-beb1-3b9046685257,dc713d96-0c0f-4195-817a-f08a1745d6d8,405cacec-8774-49a9-b7d2-1e02ff01cf99
fc3e058b-e0f3-4ab0-9cec-4eb5edd96831,Dolores dolores necessitatibus aspernatur quasi,Voluptate minus commodi optio veniam cumque minus non.,2025-11-17,2026-01-28,ABIERTO,b74d0fb1-32e7-4629-8fad-c1a606cb0fb3,956269f0-e5d7-4875-adad-d6c795a76d79,1d53434b-b881-49b9-ae27-0da702f06b90
badcc32a-c159-4f53-8a0f-4efbedcd465e,Quae id perferendis fuga tempore,Commodi dolore excepturi nihil dolorem dolore architecto occaecati dolorem temporibus similique architecto dolores pariatur.,2025-12-26,2026-04-28,ABIERTO,23b8c1e9-3924-46de-beb1-3b9046685257,956269f0-e5d7-4875-adad-d6c795a76d79,405cacec-8774-49a9-b7d2-1e02ff01cf99
ef7ddc76-b92d-422b-a1df-306f8a0b3c33,Nemo doloribus labore illum atque omnis explicabo,Iure quas perferendis voluptates atque illo excepturi similique dolorum deleniti ipsum in eius.,27/12/2025,2026-03-11,cerrado,24933b83-7577-40a9-a491-f0b2ea1fca65,bf3c4c06-4343-48bc-89fa-6a688fb5d27b,1d53434b-b881-49b9-ae27-0da702f06b90
71710434-134c-4c92-ac5b-227cdfde4fbf,Atque officiis molestiae accusamus at quidem dolores,,10/01/2026,2026-03-16,CERRADO,10f1bc81-448a-4a9e-a6b2-bc5b50c187fc,98ae4334-6c12-4ce8-ae34-0454cac5b68c,405cacec-8774-49a9-b7d2-1e02ff01cf99
4bf50b52-309d-458c-a7a0-c3d77c967f79,Voluptas neque molestiae quibusdam animi,Labore ullam minus animi magni sed architecto architecto similique illo velit necessitatibus neque aliquam aspernatur omnis.,11/07/2026,,CERRADO,4b0dbb41-8d52-48f1-942c-3fe860e7a113,bf3c4c06-4343-48bc-89fa-6a688fb5d27b,405cacec-8774-49a9-b7d2-1e02ff01cf99
42c18a62-ef48-48d5-90fd-9d3f85d51695,Pariatur et eaque consectetur officia,Et quibusdam asperiores itaque voluptatum voluptatum asperiores distinctio eaque ut sunt sunt fuga culpa.,2026-05-12,2026-09-12,EN_CURSO,4b0dbb41-8d52-48f1-942c-3fe860e7a113,ff50bde4-3825-47b8-9cab-cc97663f1c97,405cacec-8774-49a9-b7d2-1e02ff01cf99
9c96e9ec-4d71-4366-b41b-31438b10550c,Ab repellendus error optio vel consequatur blanditiis,Quia culpa eligendi distinctio exercitationem porro sequi magnam.,24/08/2026,2026-12-03,ABIERTO,9a1de644-815e-46d1-bb8f-aa1837f8a88b,98ae4334-6c12-4ce8-ae34-0454cac5b68c,405cacec-8774-49a9-b7d2-1e02ff01cf99
0d01280f-d89a-40c0-a87d-1c78e7c421c7,Odio repudiandae aliquid ex,Odio ea qui mollitia incidunt ab asperiores sunt temporibus.,10/01/2026,2026-04-26,EN_CURSO,24933b83-7577-40a9-a491-f0b2ea1fca65,dc713d96-0c0f-4195-817a-f08a1745d6d8,405cacec-8774-49a9-b7d2-1e02ff01cf99
951f58d0-5e84-4058-95a8-04eb093923de,Corporis consectetur est tempore recusandae similique tempore,Placeat pariatur explicabo nam soluta voluptate quibusdam unde dolores cum.,2026-05-04,2026-09-13,CERRADO,6b65a6a4-8b81-48f6-b38a-088ca65ed389,98ae4334-6c12-4ce8-ae34-0454cac5b68c,405cacec-8774-49a9-b7d2-1e02ff01cf99
698c206f-e1a4-4e10-ad53-4dd0cf8ebc5a,Debitis unde quos,Rem sint repellat eaque ratione autem sit similique dolore repellendus itaque esse recusandae.,11/08/2026,2027-01-14,en_curso,beb79919-3f22-4af8-a3be-d01d43cf2fde,28f49481-a0a0-4dc4-a720-9bdf1c11f735,1d53434b-b881-49b9-ae27-0da702f06b90
3170f437-a8f7-4f5a-860e-df5b39118497,Eveniet sint vitae eius odit id,,2026-01-01,2026-03-06,CERRADO,17fc695a-07a0-4a6e-8822-e8f36c031199,bf3c4c06-4343-48bc-89fa-6a688fb5d27b,1d53434b-b881-49b9-ae27-0da702f06b90
85197ff4-006e-46e3-afa1-7735b572f3d0,Porro velit qui deserunt inventore veniam ullam,Et sed quaerat error est illum illo eos consectetur in velit perspiciatis temporibus nulla error molestias.,22/10/2025,2026-01-03,EN_CURSO,9a1de644-815e-46d1-bb8f-aa1837f8a88b,7e570ddf-8270-40a8-a369-b584ff5e9ff0,405cacec-8774-49a9-b7d2-1e02ff01cf99
6e0d2648-35ce-4841-8973-2d6c4dcabfb7,Non eum ipsam perferendis maiores recusandae vero quasi,Eligendi optio nulla at veritatis doloremque est rem.,2025-10-05,2026-01-25,EN_CURSO,451b4cf3-6123-4df7-b656-af7229d4beef,28f49481-a0a0-4dc4-a720-9bdf1c11f735,405cacec-8774-49a9-b7d2-1e02ff01cf99
fbe33b24-3eae-4032-8bd4-a9900640be0f,Nostrum quisquam iste suscipit nemo quaerat fugit,Doloribus omnis ab quibusdam quo autem incidunt debitis vero maxime amet dolorum sed.,01/12/2025,2026-03-20,EN_CURSO,5be6128e-18c2-4797-a142-ea7d17be3111,dc713d96-0c0f-4195-817a-f08a1745d6d8,1d53434b-b881-49b9-ae27-0da702f06b90
aae65fc1-76f2-4bfe-8d29-a36f222282e1, Voluptates nisi veniam tempora nostrum quaerat magnam ,Ipsum culpa similique ipsum quibusdam saepe eius quod laborum dolores ipsam quae doloremque excepturi tempora.,2026-03-31,2026-09-27,ABIERTO,24933b83-7577-40a9-a491-f0b2ea1fca65,ff50bde4-3825-47b8-9cab-cc97663f1c97,1d53434b-b881-49b9-ae27-0da702f06b90
620e99d3-3b33-43d8-a69c-d696236c7b87,Provident aperiam illum molestiae,Aperiam rerum harum quo veniam accusantium sunt nemo labore velit error harum tempora.,2025-11-05,2026-01-21,ABIERTO,451b4cf3-6123-4df7-b656-af7229d4beef,98ae4334-6c12-4ce8-ae34-0454cac5b68c,f143262f-dc5c-4eed-8da0-365bf89897b9
bc10fa52-bf5d-4fdf-89c8-d2ab6b44fa8d,Reiciendis tempore laborum earum laborum harum pariatur,Quam saepe ullam voluptatem modi tenetur nihil optio assumenda inventore sint delectus ea.,25/08/2026,2027-02-19,CERRADO,9132b63e-f162-47e4-a9c3-49e03602f8ac,7e570ddf-8270-40a8-a369-b584ff5e9ff0,1d53434b-b881-49b9-ae27-0da702f06b90
56666f9f-53ac-4ab9-b467-2cd9362f5e5c,Eius veritatis in rerum iusto quibusdam,Voluptatum expedita officiis quos officiis quidem veniam.,2026-02-09,2026-05-18, Abierto ,43b7a3a6-9a8d-4a03-980d-7b71d8f56413,bf3c4c06-4343-48bc-89fa-6a688fb5d27b,f143262f-dc5c-4eed-8da0-365bf89897b9
2702878b-9f0f-4a8d-8537-9ff6d6d7b3b8,Commodi pariatur natus dolor praesentium,Cumque non quibusdam beatae reprehenderit vitae autem ad est perspiciatis vero id.,21/12/2025,2026-04-17,EN_CURSO,17fc695a-07a0-4a6e-8822-e8f36c031199,7e570ddf-8270-40a8-a369-b584ff5e9ff0,1d53434b-b881-49b9-ae27-0da702f06b90
b0cc1b3b-9793-49b4-9374-814632c5bd89,Doloribus possimus error placeat rem recusandae natus aliquam,Incidunt fuga magni exercitationem sed reprehenderit autem vero odio repudiandae provident ipsa quasi vitae earum.,2026-07-09,2026-10-12,ABIERTO,5304317f-af42-412f-b838-b3268e944239,98ae4334-6c12-4ce8-ae34-0454cac5b68c,1d53434b-b881-49b9-ae27-0da702f06b90
7bc67e1f-c64e-46e3-89c5-b31aeb6c1016,Ipsa quasi eaque sequi rerum assumenda sunt,Quibusdam necessitatibus pariatur excepturi laudantium eveniet laborum explicabo ea eius.,14/08/2026,2026-12-24,ABIERTO,ec1b8ca1-f91e-4d4c-9ff4-9b7889463e85,ff50bde4-3825-47b8-9cab-cc97663f1c97,405cacec-8774-49a9-b7d2-1e02ff01cf99
8e485223-46b9-4991-a14e-b70db380c73a,Maxime deleniti dolores,,2026-05-24,2026-10-29,CERRADO,ec1b8ca1-f91e-4d4c-9ff4-9b7889463e85,98ae4334-6c12-4ce8-ae34-0454cac5b68c,1d53434b-b881-49b9-ae27-0da702f06b90
54aebd1b-8ce6-424d-bef5-9fe6ff233d5f,Praesentium earum dolorum blanditiis deserunt blanditiis,Veritatis porro deleniti qui eius nihil quis nisi voluptatem rerum eos facere esse provident consectetur.,19/03/2026,2026-07-14,EN_CURSO,43b7a3a6-9a8d-4a03-980d-7b71d8f56413,ff50bde4-3825-47b8-9cab-cc97663f1c97,1d53434b-b881-49b9-ae27-0da702f06b90
4ac9778d-8da8-4ee4-8df5-6ac6f96b648a,Odit quidem aut accusamus,Iusto ipsam delectus amet velit labore reprehenderit id asperiores occaecati amet.,2025-10-22,2026-03-12,ABIERTO,972a8469-1641-4f82-8b9d-2434e465e150,956269f0-e5d7-4875-adad-d6c795a76d79,405cacec-8774-49a9-b7d2-1e02ff01cf99
4dc82a1e-f2f9-45fa-9016-4161cfa701cd,Voluptatibus blanditiis quisquam non,,2025-12-01,2026-05-25,abierto,a28defe3-9bf0-4273-9247-6f57a5e5a5ab,956269f0-e5d7-4875-adad-d6c795a76d79,f143262f-dc5c-4eed-8da0-365bf89897b9
735435ea-6894-4b8d-80af-5b3a2812859a,Iusto adipisci enim eligendi similique architecto doloremque eaque,Nihil rem dicta beatae dolore corrupti eaque consequuntur animi recusandae nisi repudiandae ullam ipsa iusto esse.,2025-11-03,2026-02-23,CERRADO,451b4cf3-6123-4df7-b656-af7229d4beef,dc713d96-0c0f-4195-817a-f08a1745d6d8,1d53434b-b881-49b9-ae27-0da702f06b90
8a3c3b5e-801e-41da-85b1-ed25f1533ae8,Ipsa nisi suscipit quasi nobis ad dolorem,Nesciunt accusantium quisquam reprehenderit nemo quis cupiditate maxime ipsam eius voluptatum ipsa repellendus voluptas iusto.,10/03/2026,2026-02-24,CERRADO,6b65a6a4-8b81-48f6-b38a-088ca65ed389,dc713d96-0c0f-4195-817a-f08a1745d6d8,1d53434b-b881-49b9-ae27-0da702f06b90
1ac70ec0-ab8d-4eb4-9230-dfbd5553b2fe,Ex possimus enim veniam,Alias at dolorum blanditiis quo sint repudiandae a sit iure amet maxime numquam libero ipsam.,12/03/2026,2026-06-22,ABIERTO,e2acf72f-9e57-4f7a-a0ee-89aed453dd32,98ae4334-6c12-4ce8-ae34-0454cac5b68c,405cacec-8774-49a9-b7d2-1e02ff01cf99
218a1536-8c99-4894-845d-cc38341c6494,Ipsa praesentium commodi voluptate non,Quae est accusamus illum dolore sapiente beatae veniam officia culpa.,25/10/2025,2026-03-05,ABIERTO,ec1b8ca1-f91e-4d4c-9ff4-9b7889463e85,ff50bde4-3825-47b8-9cab-cc97663f1c97,1d53434b-b881-49b9-ae27-0da702f06b90
b495db4e-8245-4fb4-8ab7-706eb77350ca,Impedit laboriosam iusto itaque corporis,Ullam magni sunt sint eius ratione impedit vel magni reprehenderit.,2026-10-02,2026-11-13,cerrado,3139d32c-93cd-49bf-9c94-1cf0dc98d2c1,7e570ddf-8270-40a8-a369-b584ff5e9ff0,405cacec-8774-49a9-b7d2-1e02ff01cf99
96418ced-d664-4264-8c6e-27ffb9de7a3a,Voluptatum laudantium corrupti molestiae exercitationem mollitia molestiae iste,Sit voluptatem dolores fugit sequi illum et labore totam fugit voluptates recusandae.,2026-01-22,2026-05-12,ABIERTO,10f1bc81-448a-4a9e-a6b2-bc5b50c187fc,bf3c4c06-4343-48bc-89fa-6a688fb5d27b,1d53434b-b881-49b9-ae27-0da702f06b90
f6febc0e-7ecd-4baf-a6f0-5fcffb16e5db,Commodi vitae ex,Soluta ipsam minima itaque quam illum omnis culpa.,2026-06-15,2026-09-20,EN_CURSO,23b8c1e9-3924-46de-beb1-3b9046685257,956269f0-e5d7-4875-adad-d6c795a76d79,f143262f-dc5c-4eed-8da0-365bf89897b9
56abf2f1-43d8-4870-b81d-baa1c8120a8e,Possimus officiis sequi sequi similique fugit et quaerat,Sit alias architecto occaecati ullam voluptatum quia inventore atque odio sit ipsam possimus temporibus.,2026-04-05,2026-07-07,ABIERTO,972a8469-1641-4f82-8b9d-2434e465e150,7e570ddf-8270-40a8-a369-b584ff5e9ff0,1d53434b-b881-49b9-ae27-0da702f06b90
4b1a269b-0e5d-4462-8bd0-0ef2530a37df,Fugiat corporis minus natus recusandae cumque,Non fugit placeat libero nesciunt doloremque odit itaque.,22/10/2025,2025-11-26,ABIERTO,5304317f-af42-412f-b838-b3268e944239,956269f0-e5d7-4875-adad-d6c795a76d79,1d53434b-b881-49b9-ae27-0da702f06b90
771ad655-cdfc-4ee0-a61e-de900267deb3,Perspiciatis culpa ipsam exercitationem nesciunt,Porro itaque error voluptatum sequi autem fugit facere eos praesentium accusantium rerum id.,2026-06-20,2026-08-06,ABIERTO,b02b61c4-a3d7-4628-ace6-6fa2fd5166e6,ff50bde4-3825-47b8-9cab-cc97663f1c97,f143262f-dc5c-4eed-8da0-365bf89897b9
c73f6e1b-af90-4e3c-9d75-0e9890e0b95f,Tenetur quia rerum,,2025-10-08,,CERRADO,a28defe3-9bf0-4273-9247-6f57a5e5a5ab,7e570ddf-8270-40a8-a369-b584ff5e9ff0,1d53434b-b881-49b9-ae27-0da702f06b90
c9e26074-4f16-49a0-8a17-991ea5769411,Alias facilis consectetur tenetur eveniet impedit,Consequatur molestiae voluptas minus totam rerum ducimus repudiandae laboriosam rem.,2026-06-05,2026-05-26,CERRADO,3139d32c-93cd-49bf-9c94-1cf0dc98d2c1,98ae4334-6c12-4ce8-ae34-0454cac5b68c,1d53434b-b881-49b9-ae27-0da702f06b90
1d7bc313-cde2-4f1c-96b6-0afcded255d0,Vitae consequuntur vitae similique quam voluptatem voluptas,Facilis ratione accusamus modi iste perferendis perferendis nesciunt reprehenderit velit autem doloremque ad sunt natus.,2026-07-21,2026-11-08,EN_CURSO,ce177b4e-0837-48a3-9261-a7ab3aa2e4f9,988c24c9-61b1-4d22-a280-1c4510435a10,405cacec-8774-49a9-b7d2-1e02ff01cf99
102efde5-a5cc-4bf7-b8ab-854c9c2e58de,Tenetur error illum consequuntur veniam esse laudantium,Doloremque modi harum fuga veniam possimus molestiae nesciunt.,25/09/2026,2026-12-12,ABIERTO,17fc695a-07a0-4a6e-8822-e8f36c031199,28f49481-a0a0-4dc4-a720-9bdf1c11f735,405cacec-8774-49a9-b7d2-1e02ff01cf99
a7a8f636-6a35-4f59-a2aa-7a5d278ed00d,Rerum nulla vel eius,,2026-07-14,,CERRADO,43b7a3a6-9a8d-4a03-980d-7b71d8f56413,7e570ddf-8270-40a8-a369-b584ff5e9ff0,405cacec-8774-49a9-b7d2-1e02ff01cf99
364c911a-a9ab-464a-9777-e8cb74685b98,Voluptas amet ex voluptates ratione dignissimos rerum mollitia,Dolor sit eveniet corporis tempore a similique corporis consectetur dolorum cupiditate optio ad accusamus ratione dolores.,21/08/2026,2026-09-23,CERRADO,972a8469-1641-4f82-8b9d-2434e465e150,7e570ddf-8270-40a8-a369-b584ff5e9ff0,405cacec-8774-49a9-b7d2-1e02ff01cf99
0d6a05b3-43ef-4016-ac9b-662e040a3aae,Qui minima quia labore,Maiores autem magnam veniam aliquam quos sint maxime itaque vitae aperiam laboriosam.,2026-02-07,2026-03-02,EN_CURSO,17fc695a-07a0-4a6e-8822-e8f36c031199,7e570ddf-8270-40a8-a369-b584ff5e9ff0,f143262f-dc5c-4eed-8da0-365bf89897b9
7d824264-1ba3-42e7-afa4-15e56d204496,Asperiores aspernatur non aperiam eius odio,Quae fugit nisi eos magni inventore recusandae beatae omnis soluta mollitia sint inventore suscipit impedit.,2026-03-09,2026-07-26,ABIERTO,10f1bc81-448a-4a9e-a6b2-bc5b50c187fc,ff50bde4-3825-47b8-9cab-cc97663f1c97,1d53434b-b881-49b9-ae27-0da702f06b90
bac7e2b9-6a7e-4c36-a613-2e6974188109,Est est ducimus veritatis,Architecto rerum at atque qui repellat nam nesciunt natus eveniet commodi explicabo pariatur quibusdam.,2026-08-22,2027-01-30,CERRADO,b02b61c4-a3d7-4628-ace6-6fa2fd5166e6,7e570ddf-8270-40a8-a369-b584ff5e9ff0,f143262f-dc5c-4eed-8da0-365bf89897b9
f7e8f8e5-0d2b-41ef-b897-6ec5ea74bb18,Nobis expedita neque distinctio omnis,Sed expedita nam beatae eius dolorem inventore natus quisquam numquam.,2026-09-07,2027-01-04,ABIERTO,b74d0fb1-32e7-4629-8fad-c1a606cb0fb3,956269f0-e5d7-4875-adad-d6c795a76d79,1d53434b-b881-49b9-ae27-0da702f06b90
9be71737-06b8-4231-8e86-7f3ca487eeab,Adipisci earum quis ullam expedita,Sit necessitatibus id consequuntur odio adipisci quia dolor in.,2026-06-24,2026-10-27,EN_CURSO,a28defe3-9bf0-4273-9247-6f57a5e5a5ab,98ae4334-6c12-4ce8-ae34-0454cac5b68c,f143262f-dc5c-4eed-8da0-365bf89897b9
b8ba8368-4fc7-4768-9ebb-cca5284bf962,Quod necessitatibus assumenda amet culpa nulla,Earum optio laborum ipsam earum quidem beatae inventore.,2026-02-14,2026-03-14,CERRADO,b74d0fb1-32e7-4629-8fad-c1a606cb0fb3,bf3c4c06-4343-48bc-89fa-6a688fb5d27b,f143262f-dc5c-4eed-8da0-365bf89897b9
7c93f6cc-97d7-4560-adb1-4670ad9fb00d,Pariatur aliquid hic nobis ab error distinctio,Quisquam enim blanditiis libero inventore consectetur minus dolorem nam.,23/01/2026,,ABIERTO,759cde66-bacf-43d0-8b1f-9163ce9ff57f,7e570ddf-8270-40a8-a369-b584ff5e9ff0,405cacec-8774-49a9-b7d2-1e02ff01cf99
65a674c2-1273-4a23-9aaa-b32fce6322b6,Ipsa itaque aspernatur,Nemo nemo quae in beatae accusantium eveniet reiciendis nulla rerum ullam at.,2026-06-21,2026-11-20,EN_CURSO,47378190-96da-4dac-b2ff-5d2a386ecbe0,98ae4334-6c12-4ce8-ae34-0454cac5b68c,405cacec-8774-49a9-b7d2-1e02ff01cf99
96c044d0-6f88-4f28-be49-fd091b19d8b8,Minima id est excepturi ex cumque,Odio minus deserunt quod expedita vero officia corporis aut ducimus cupiditate corrupti quis asperiores veritatis.,28/08/2026,2026-11-22,EN_CURSO,759cde66-bacf-43d0-8b1f-9163ce9ff57f,956269f0-e5d7-4875-adad-d6c795a76d79,f143262f-dc5c-4eed-8da0-365bf89897b9
9050f7ef-c123-4c91-b6c5-a0dc7e7e7419,Ipsum unde natus odio numquam sint occaecati corrupti,Iusto occaecati recusandae nihil explicabo asperiores iure alias.,2026-06-05,2026-11-07,ABIERTO,972a8469-1641-4f82-8b9d-2434e465e150,bf3c4c06-4343-48bc-89fa-6a688fb5d27b,405cacec-8774-49a9-b7d2-1e02ff01cf99
a508dc95-13a4-4492-897d-e16dd4ea120a,Nostrum magni iure mollitia,Ipsum repellat officiis eum labore corrupti aperiam.,2026-02-25,2026-05-11,ABIERTO,aefcfad8-efc8-4849-b3aa-7efe4458a885,988c24c9-61b1-4d22-a280-1c4510435a10,f143262f-dc5c-4eed-8da0-365bf89897b9
57eb89b1-d65e-49dd-a62d-2d06cf9b8558,Magnam cupiditate dolorum ipsa,,2025-11-14,2026-01-22,EN_CURSO,972a8469-1641-4f82-8b9d-2434e465e150,ff50bde4-3825-47b8-9cab-cc97663f1c97,f143262f-dc5c-4eed-8da0-365bf89897b9
f6e39356-a814-4562-9a00-3f16b9469bcf,Sit ex nesciunt consequuntur expedita voluptas praesentium hic,Quae assumenda nam officia eveniet consectetur praesentium veniam voluptatum totam atque perferendis magni accusantium est veritatis.,2026-01-10,2026-01-25,EN_CURSO,ec1b8ca1-f91e-4d4c-9ff4-9b7889463e85,988c24c9-61b1-4d22-a280-1c4510435a10,f143262f-dc5c-4eed-8da0-365bf89897b9
31274148-7c7c-404e-8422-d03ef29a6339,Voluptatum culpa eos ratione magni,Rerum sunt alias excepturi quisquam consectetur fugiat cum rerum quo repellat cumque ipsa illum perspiciatis.,14/02/2026,2026-06-17,CERRADO,9132b63e-f162-47e4-a9c3-49e03602f8ac,988c24c9-61b1-4d22-a280-1c4510435a10,405cacec-8774-49a9-b7d2-1e02ff01cf99
48f1096d-9c4f-4b46-b1b7-01aaf836f571,Doloremque dolores vitae quos temporibus deserunt perspiciatis,,05/01/2026,2026-03-09,EN_CURSO,5be6128e-18c2-4797-a142-ea7d17be3111,bf3c4c06-4343-48bc-89fa-6a688fb5d27b,1d53434b-b881-49b9-ae27-0da702f06b90
c35b9fea-1578-4709-88f9-e3d01feae1e0,Earum temporibus corporis ipsa,Repellendus suscipit ut impedit id fugiat harum aspernatur dolore eum.,2026-08-31,2027-01-31,ABIERTO,a9488d99-0bbb-4599-91ce-5dd2b45ed1f0,bf3c4c06-4343-48bc-89fa-6a688fb5d27b,405cacec-8774-49a9-b7d2-1e02ff01cf99
55d596af-a663-42cd-b6f6-dbf1d6d441cc,Consequuntur enim rerum possimus,Quis iusto nostrum temporibus accusantium dolor corrupti velit non.,2025-11-12,2026-04-25,EN_CURSO,0e51f30d-c6a7-4e39-84b0-32ccd7c524a5,ff50bde4-3825-47b8-9cab-cc97663f1c97,405cacec-8774-49a9-b7d2-1e02ff01cf99
3cd5fd7f-49c1-4669-86b3-3fe61c76bdf6,Commodi dolores odit numquam aperiam,Nisi accusamus maiores doloribus corporis inventore nostrum dolores impedit optio assumenda voluptate architecto minima.,2026-03-18,2026-08-10,ABIERTO,371ecd7b-27cd-4130-8722-9389571aa876,956269f0-e5d7-4875-adad-d6c795a76d79,1d53434b-b881-49b9-ae27-0da702f06b90
8ddce719-81f3-4dd4-bd03-4adac9525185,Hic iusto odio,,20/04/2026,,CERRADO,759cde66-bacf-43d0-8b1f-9163ce9ff57f,98ae4334-6c12-4ce8-ae34-0454cac5b68c,405cacec-8774-49a9-b7d2-1e02ff01cf99
76f186ab-af47-4b49-8775-e395d49405f0,Occaecati repellat aperiam quod itaque eos aliquam,Suscipit et est id repellendus labore alias officia enim similique.,11/12/2025,2026-05-20,ABIERTO,e27a984d-6548-41d0-bfcd-9eb1a7cad415,bf3c4c06-4343-48bc-89fa-6a688fb5d27b,1d53434b-b881-49b9-ae27-0da702f06b90
45f18619-54f9-4429-a7de-02ccdda4f4a7, Reiciendis ipsa id ipsam ,Excepturi deleniti porro facilis reiciendis eaque assumenda incidunt inventore voluptatum debitis eos aut.,23/10/2025,2025-11-27,EN_CURSO,e27a984d-6548-41d0-bfcd-9eb1a7cad415,28f49481-a0a0-4dc4-a720-9bdf1c11f735,f143262f-dc5c-4eed-8da0-365bf89897b9
7227890e-4e76-433a-8baf-0f5ea9320094,Quaerat cumque ipsam ipsum quas tenetur nostrum ipsa,Asperiores odit facilis reiciendis perspiciatis veritatis consequuntur non.,2026-02-09,2026-04-17,CERRADO,a9488d99-0bbb-4599-91ce-5dd2b45ed1f0,7e570ddf-8270-40a8-a369-b584ff5e9ff0,f143262f-dc5c-4eed-8da0-365bf89897b9
113634a5-2050-4c62-88e8-95d7702c1821,Quod facilis fugit necessitatibus non,,2026-08-04,2026-11-28,ABIERTO,3139d32c-93cd-49bf-9c94-1cf0dc98d2c1,988c24c9-61b1-4d22-a280-1c4510435a10,f143262f-dc5c-4eed-8da0-365bf89897b9
ff11c8ba-36ee-4640-b23e-f466b43bd27f,Eligendi totam laudantium commodi sequi iste tempore ipsum,Repellat voluptas voluptates pariatur quae mollitia enim error.,2026-01-14,2026-02-16,ABIERTO,451b4cf3-6123-4df7-b656-af7229d4beef,956269f0-e5d7-4875-adad-d6c795a76d79,405cacec-8774-49a9-b7d2-1e02ff01cf99
b34191b8-ed65-42b4-b5a5-f8e6b6391f04,Recusandae magni commodi dicta,Dolores laudantium facere nemo iusto voluptatem consectetur sunt aperiam.,05/12/2025,2026-05-06,ABIERTO,0e51f30d-c6a7-4e39-84b0-32ccd7c524a5,dc713d96-0c0f-4195-817a-f08a1745d6d8,405cacec-8774-49a9-b7d2-1e02ff01cf99
7a89cbeb-b807-478a-b788-f5d1ffe575f6,Illum illum nemo commodi et asperiores iure,,2026-03-08,2026-06-20,ABIERTO,759cde66-bacf-43d0-8b1f-9163ce9ff57f,28f49481-a0a0-4dc4-a720-9bdf1c11f735,f143262f-dc5c-4eed-8da0-365bf89897b9
d88f1c94-48b7-43d5-a519-dd7e84d67c4f,Dolorum odio mollitia commodi,Nostrum atque odit nihil neque cupiditate numquam temporibus excepturi unde aliquam.,2026-10-05,2026-11-29,EN_CURSO,10f1bc81-448a-4a9e-a6b2-bc5b50c187fc,dc713d96-0c0f-4195-817a-f08a1745d6d8,1d53434b-b881-49b9-ae27-0da702f06b90
f2d3f761-0ba3-4279-94cb-056407437c3b,Eaque distinctio nemo nulla adipisci suscipit molestias,Laboriosam rem placeat error asperiores animi ipsam laborum dignissimos non est.,2026-09-05,2027-02-02,ABIERTO,9132b63e-f162-47e4-a9c3-49e03602f8ac,dc713d96-0c0f-4195-817a-f08a1745d6d8,1d53434b-b881-49b9-ae27-0da702f06b90
dc5be7d1-fcef-4972-bbf4-83ce51beb80e,Voluptate consectetur fuga natus eum iure,Ipsum consequuntur amet veniam sint in vitae temporibus repellendus ut quam.,2026-07-10,2026-08-20,ABIERTO,ec1b8ca1-f91e-4d4c-9ff4-9b7889463e85,956269f0-e5d7-4875-adad-d6c795a76d79,405cacec-8774-49a9-b7d2-1e02ff01cf99
fef7d9ea-7f8e-4483-a8ca-aa1dc35bec2c,Iure soluta libero at hic itaque dolores,Explicabo amet libero sunt omnis iusto modi sed inventore sunt quas quisquam facilis id necessitatibus deserunt.,17/12/2025,2026-05-22,ABIERTO,4b0dbb41-8d52-48f1-942c-3fe860e7a113,dc713d96-0c0f-4195-817a-f08a1745d6d8,1d53434b-b881-49b9-ae27-0da702f06b90
8116e3fc-62e7-41a6-92d2-fa0649e1cd13,Quisquam eius voluptatibus perspiciatis blanditiis voluptate hic,Nam facilis corporis nobis illo aliquam aliquam quae rem maxime corrupti tempora.,07/05/2026,2026-07-14,CERRADO,fc377a4c-4a15-444d-85e7-ce8a3a578a8e,7e570ddf-8270-40a8-a369-b584ff5e9ff0,1d53434b-b881-49b9-ae27-0da702f06b90
518b2f21-9cf2-4859-ae6e-2e7253f591dc,Hic nulla sapiente nisi,Repudiandae minus provident error repellendus fuga perferendis voluptatem nesciunt reiciendis quas porro ad labore.,28/11/2025,2025-11-02,EN_CURSO,0e51f30d-c6a7-4e39-84b0-32ccd7c524a5,988c24c9-61b1-4d22-a280-1c4510435a10,f143262f-dc5c-4eed-8da0-365bf89897b9
9416e4dc-c6b2-4def-b8d8-b7f1c86c6544,Dolorem amet laboriosam minima quam quo fugit,Adipisci veniam beatae accusantium et corrupti porro illum quod ullam.,2026-06-16,2026-07-14,abierto,a28defe3-9bf0-4273-9247-6f57a5e5a5ab,dc713d96-0c0f-4195-817a-f08a1745d6d8,405cacec-8774-49a9-b7d2-1e02ff01cf99
0ff1aa9f-ba37-4623-bc5f-d4ddd92f3c1e,Maxime natus voluptatum laboriosam,,08/09/2026,2026-09-23,EN_CURSO,47378190-96da-4dac-b2ff-5d2a386ecbe0,dc713d96-0c0f-4195-817a-f08a1745d6d8,405cacec-8774-49a9-b7d2-1e02ff01cf99
f910abb3-f105-4252-b990-e2c94c6a70f4,Quo provident porro laborum laboriosam,Ut recusandae earum commodi perspiciatis fugit voluptatem repellendus veritatis rem enim enim quae expedita ipsam.,09/05/2026,,CERRADO,a28defe3-9bf0-4273-9247-6f57a5e5a5ab,bf3c4c06-4343-48bc-89fa-6a688fb5d27b,405cacec-8774-49a9-b7d2-1e02ff01cf99
33baba88-36c7-46fa-baa4-f052bf519362,Earum natus earum autem qui dolores amet,Dolorem doloremque aut ex iusto perspiciatis consequuntur vitae voluptate culpa officiis sunt labore officiis quidem.,2026-01-12,2026-02-15,CERRADO,c241330b-01a9-471f-9e8a-774bcf36d58b,bf3c4c06-4343-48bc-89fa-6a688fb5d27b,f143262f-dc5c-4eed-8da0-365bf89897b9
0f25477d-a559-40e7-8910-fade52380bf2,Officiis doloremque qui sed,Totam cupiditate sunt cupiditate ullam voluptatum id.,2026-01-24,2026-07-07,CERRADO,c241330b-01a9-471f-9e8a-774bcf36d58b,98ae4334-6c12-4ce8-ae34-0454cac5b68c,405cacec-8774-49a9-b7d2-1e02ff01cf99
f64e3dfc-bfbe-4c7a-afc5-97382fb21e66,Soluta ab necessitatibus autem voluptatem,Iste odit minima suscipit consequatur magnam earum repellat ex quasi officia.,2026-04-15,2026-05-10,EN_CURSO,7412b293-4729-4739-a14f-f3d719db3ad0,bf3c4c06-4343-48bc-89fa-6a688fb5d27b,f143262f-dc5c-4eed-8da0-365bf89897b9
564cfbd2-bc92-4d81-839b-058c2faabe0b,Necessitatibus quidem cupiditate sequi tempore,,11/07/2026,2026-07-09,CERRADO,759cde66-bacf-43d0-8b1f-9163ce9ff57f,956269f0-e5d7-4875-adad-d6c795a76d79,f143262f-dc5c-4eed-8da0-365bf89897b9
b1594847-5c0b-4b10-a757-cb1042f525b9,Aperiam blanditiis esse illo magnam,Porro odit velit facilis dolore vero laboriosam iste voluptates fuga praesentium.,2025-10-09,2026-03-16,EN_CURSO,beb79919-3f22-4af8-a3be-d01d43cf2fde,ff50bde4-3825-47b8-9cab-cc97663f1c97,405cacec-8774-49a9-b7d2-1e02ff01cf99
cd4f8b2b-899a-4252-81e1-b94a78883058,Quis perspiciatis nisi ratione minima,Provident aspernatur natus aperiam molestias magnam nemo corrupti eveniet maxime blanditiis dignissimos nesciunt at magni.,24/09/2026,,ABIERTO,aefcfad8-efc8-4849-b3aa-7efe4458a885,bf3c4c06-4343-48bc-89fa-6a688fb5d27b,405cacec-8774-49a9-b7d2-1e02ff01cf99
836435e3-21c7-4aa3-b414-23b50e3e25f2,Itaque animi iure rem quam id,Quia neque aliquid exercitationem aperiam voluptatibus vel.,2026-08-15,2026-11-23,EN_CURSO,759cde66-bacf-43d0-8b1f-9163ce9ff57f,dc713d96-0c0f-4195-817a-f08a1745d6d8,405cacec-8774-49a9-b7d2-1e02ff01cf99
081fc6dc-78d9-488a-af0b-ea4ffc737d92,Illum quisquam quisquam voluptatem officia,Fugiat tempora ipsum totam fugiat aspernatur vitae soluta consequatur similique blanditiis voluptatibus hic.,31/10/2025,2025-12-12,EN_CURSO,bd9c66b3-ad3c-4d6d-9a3d-1fa7bc8960a9,988c24c9-61b1-4d22-a280-1c4510435a10,405cacec-8774-49a9-b7d2-1e02ff01cf99
d5b6de85-3902-49d9-ba8d-ae42ba54e920,Quidem voluptatem iure,Incidunt fugit dolorem itaque culpa deleniti soluta quisquam adipisci optio nostrum vel suscipit dolores architecto.,2025-11-23,2026-01-28,EN_CURSO,ddd1dfb2-3b98-4ef8-9af6-1a26146d3f31,dc713d96-0c0f-4195-817a-f08a1745d6d8,405cacec-8774-49a9-b7d2-1e02ff01cf99
ac09bdb7-9908-4e47-b249-f62c08987462,Doloribus aliquid ipsa,Dolor sint animi magnam enim repellendus quasi eum nisi perferendis eum error corporis optio dolore.,2026-05-23,,ABIERTO,1a2a73ed-562b-4f79-8374-59eef50bea63,98ae4334-6c12-4ce8-ae34-0454cac5b68c,f143262f-dc5c-4eed-8da0-365bf89897b9
f2d2393f-8e85-440d-8f9a-eb7046707cd6,Sunt tenetur numquam incidunt libero voluptas velit perferendis,Eum impedit corrupti fugiat quidem labore sed error provident rem totam natus voluptas nam consequatur.,2026-01-29,2026-01-22,ABIERTO,4b0dbb41-8d52-48f1-942c-3fe860e7a113,28f49481-a0a0-4dc4-a720-9bdf1c11f735,1d53434b-b881-49b9-ae27-0da702f06b90
a58e83dd-548c-4d84-b40d-e04941476506,Ullam sed at quam,Amet fugiat non aliquam asperiores rem nesciunt perferendis dolor distinctio.,2026-01-07,2026-06-01,EN_CURSO,10f1bc81-448a-4a9e-a6b2-bc5b50c187fc,28f49481-a0a0-4dc4-a720-9bdf1c11f735,405cacec-8774-49a9-b7d2-1e02ff01cf99
e8b3d763-f4ff-4f3a-8d9d-baeb553d2625,Distinctio deleniti qui,Totam possimus provident id dolores eum eligendi iure officiis est facere sunt iure rem.,2026-09-22,2026-11-05,EN_CURSO,371ecd7b-27cd-4130-8722-9389571aa876,dc713d96-0c0f-4195-817a-f08a1745d6d8,405cacec-8774-49a9-b7d2-1e02ff01cf99
51facefa-d6f8-4f7a-82fa-1da878308631,Fuga impedit natus dolore corporis,Mollitia nesciunt quam eos deserunt dolorem necessitatibus doloribus mollitia velit excepturi.,2026-07-12,2026-08-23,CERRADO,a28defe3-9bf0-4273-9247-6f57a5e5a5ab,28f49481-a0a0-4dc4-a720-9bdf1c11f735,1d53434b-b881-49b9-ae27-0da702f06b90
b93b17fb-f76d-45fd-bd16-45a0d253d966,Itaque quasi explicabo consequuntur molestias delectus suscipit,Minima saepe asperiores repellendus aliquid ab consequuntur occaecati.,2026-07-28,2026-10-31,EN_CURSO,24933b83-7577-40a9-a491-f0b2ea1fca65,956269f0-e5d7-4875-adad-d6c795a76d79,f143262f-dc5c-4eed-8da0-365bf89897b9
37fe032c-0257-4851-a6a9-e100b509109b,Iste aperiam odit ut totam omnis accusamus,Mollitia accusamus minus eius voluptate accusantium repellat perferendis rem tenetur autem atque corrupti deleniti minima.,2025-10-31,2026-04-11,ABIERTO,ec1b8ca1-f91e-4d4c-9ff4-9b7889463e85,bf3c4c06-4343-48bc-89fa-6a688fb5d27b,1d53434b-b881-49b9-ae27-0da702f06b90
659b0105-cb80-4288-846f-64dd5abca6e5,Fuga illo natus voluptatibus,Error repudiandae aspernatur voluptatibus officiis adipisci illo fugiat labore odio.,2026-08-17,2026-12-21,ABIERTO,ce177b4e-0837-48a3-9261-a7ab3aa2e4f9,7e570ddf-8270-40a8-a369-b584ff5e9ff0,f143262f-dc5c-4eed-8da0-365bf89897b9
d867888b-7ff6-4824-952a-eaec2bdfcb41,Officia ex voluptate voluptate tempora ullam,Distinctio sint suscipit labore aliquid asperiores unde tempore natus adipisci.,2026-07-04,2026-11-06,ABIERTO,fc377a4c-4a15-444d-85e7-ce8a3a578a8e,28f49481-a0a0-4dc4-a720-9bdf1c11f735,1d53434b-b881-49b9-ae27-0da702f06b90
f622d842-0402-4b3c-9082-11a5d9b59f84,Nesciunt quibusdam quae id aspernatur,Natus necessitatibus sed perspiciatis molestiae fugit qui ratione porro.,2026-09-30,2026-11-15,CERRADO,3139d32c-93cd-49bf-9c94-1cf0dc98d2c1,dc713d96-0c0f-4195-817a-f08a1745d6d8,1d53434b-b881-49b9-ae27-0da702f06b90
588a3f87-f96d-40f8-bed6-3da08033f5c2,Atque doloremque asperiores,Quisquam veritatis id quo adipisci earum voluptatibus laudantium explicabo velit inventore perspiciatis optio assumenda nulla reiciendis.,04/11/2025,2026-03-03,EN_CURSO,ab9099a4-35a2-40ae-9af3-05535ec42e08,dc713d96-0c0f-4195-817a-f08a1745d6d8,1d53434b-b881-49b9-ae27-0da702f06b90
277b0667-4499-40a6-9500-717012d15585,Quae odio qui et autem a,Ipsam quis aut assumenda inventore nam maiores aut at mollitia nisi.,2026-07-08,2026-08-24,ABIERTO,aefcfad8-efc8-4849-b3aa-7efe4458a885,98ae4334-6c12-4ce8-ae34-0454cac5b68c,1d53434b-b881-49b9-ae27-0da702f06b90
0328c136-629e-43d8-9d1c-a267530ddda6,Impedit quod quam nam voluptatibus,Nemo cumque fugit consequuntur error laudantium aperiam ipsa in laborum.,2026-08-05,2026-10-03,CERRADO,366eb16f-508e-4ad7-b7c9-3acfe059a0ee,dc713d96-0c0f-4195-817a-f08a1745d6d8,f143262f-dc5c-4eed-8da0-365bf89897b9
3f2086c2-f1b8-4d65-806f-64d65c72aebd,Libero nulla itaque consequatur ab id sapiente fugit,Ipsam inventore reprehenderit officiis nisi error nobis possimus laboriosam debitis id eum.,2025-11-03,2026-04-07,ABIERTO,3139d32c-93cd-49bf-9c94-1cf0dc98d2c1,dc713d96-0c0f-4195-817a-f08a1745d6d8,405cacec-8774-49a9-b7d2-1e02ff01cf99
f7bf5244-7db2-47aa-a205-e54fb1e8c09d,Quos eveniet eligendi ratione facilis ut dicta,Debitis quisquam ad quas velit distinctio reiciendis rerum architecto sed recusandae perferendis consequuntur esse dolorum.,2026-07-17,2026-11-19,CERRADO,24933b83-7577-40a9-a491-f0b2ea1fca65,28f49481-a0a0-4dc4-a720-9bdf1c11f735,f143262f-dc5c-4eed-8da0-365bf89897b9
6082786f-ca00-4f58-ac52-1d13b719bb68,Ipsum nisi neque modi,Molestiae ratione facere tempora modi odit assumenda quisquam omnis explicabo officia aliquid voluptates.,2025-12-03,2026-04-10,EN_CURSO,5be6128e-18c2-4797-a142-ea7d17be3111,988c24c9-61b1-4d22-a280-1c4510435a10,1d53434b-b881-49b9-ae27-0da702f06b90
c0afd193-f780-4f2f-a64d-5922a590fd3c,Vitae inventore ab ea magni maxime,,25/06/2026,,CERRADO,9a1de644-815e-46d1-bb8f-aa1837f8a88b,dc713d96-0c0f-4195-817a-f08a1745d6d8,1d53434b-b881-49b9-ae27-0da702f06b90
592a3549-7ba1-49d0-8567-c80534f541c0, Atque quam iste architecto aliquid quae ad ,Officia perspiciatis cum voluptates doloribus cupiditate cum nam vero doloremque illo delectus.,05/08/2026,2027-01-29,CERRADO,fc377a4c-4a15-444d-85e7-ce8a3a578a8e,956269f0-e5d7-4875-adad-d6c795a76d79,405cacec-8774-49a9-b7d2-1e02ff01cf99
0779250a-6544-4313-aea0-5d13a84554c3,Sunt ipsum inventore a dolor eius provident recusandae,,10/06/2026,2026-09-12,ABIERTO,1a2a73ed-562b-4f79-8374-59eef50bea63,ff50bde4-3825-47b8-9cab-cc97663f1c97,405cacec-8774-49a9-b7d2-1e02ff01cf99
4c255823-ccf4-4fb0-b4bb-a73fac7051d1,Nihil perferendis est dolores blanditiis fuga consequuntur harum,Consequuntur fugit delectus odio possimus officia voluptatum mollitia laudantium consequuntur et iste amet facere ab consequatur.,17/08/2026,,ABIERTO,b02b61c4-a3d7-4628-ace6-6fa2fd5166e6,956269f0-e5d7-4875-adad-d6c795a76d79,f143262f-dc5c-4eed-8da0-365bf89897b9
816462cb-8fc3-47d3-b6bd-80c7624a2a50,Illum laudantium quae ipsam cumque natus recusandae,Eos eius modi cumque itaque quia quisquam mollitia beatae beatae.,2026-08-17,2026-12-16,CERRADO,366eb16f-508e-4ad7-b7c9-3acfe059a0ee,7e570ddf-8270-40a8-a369-b584ff5e9ff0,1d53434b-b881-49b9-ae27-0da702f06b90
5deaa737-fdab-4441-92c2-a9608b0901ab,Reprehenderit aliquam quaerat molestias voluptatibus aut rerum,,2026-08-02,2026-11-23,EN_CURSO,ab9099a4-35a2-40ae-9af3-05535ec42e08,7e570ddf-8270-40a8-a369-b584ff5e9ff0,405cacec-8774-49a9-b7d2-1e02ff01cf99
b5f3f8aa-dc6d-4fff-99c2-f153b06b0f0c,Odio cumque consequuntur dignissimos dignissimos animi expedita eligendi,Cumque voluptatem eos nemo veritatis maiores tempore repellendus consequatur quibusdam illum animi eius omnis praesentium.,21/05/2026,2026-06-06,ABIERTO,a28defe3-9bf0-4273-9247-6f57a5e5a5ab,7e570ddf-8270-40a8-a369-b584ff5e9ff0,405cacec-8774-49a9-b7d2-1e02ff01cf99
5274ee11-b61d-4906-a570-35db3fead90a,Quis perspiciatis laudantium neque eaque,Fugiat asperiores recusandae quisquam illo quibusdam possimus soluta iste laborum neque sit sed.,2025-11-25,2026-04-21,EN_CURSO,972a8469-1641-4f82-8b9d-2434e465e150,7e570ddf-8270-40a8-a369-b584ff5e9ff0,405cacec-8774-49a9-b7d2-1e02ff01cf99
a284e8fd-755c-4e2a-b8de-d777bb1e5ae8,Sed recusandae id voluptas repudiandae libero,Repudiandae excepturi neque necessitatibus laborum exercitationem placeat aliquid aut quos itaque commodi.,10/11/2025,2026-03-21,ABIERTO,451b4cf3-6123-4df7-b656-af7229d4beef,28f49481-a0a0-4dc4-a720-9bdf1c11f735,f143262f-dc5c-4eed-8da0-365bf89897b9
002c4c22-74de-4f70-b0f8-1dba28719b9b,Dicta porro consequatur officiis culpa ut,At facere assumenda optio officiis amet numquam quas quidem inventore at.,03/09/2026,2027-02-21,CERRADO,0e51f30d-c6a7-4e39-84b0-32ccd7c524a5,98ae4334-6c12-4ce8-ae34-0454cac5b68c,1d53434b-b881-49b9-ae27-0da702f06b90
13f3cade-7a10-413f-b6a2-c52b00473139,Nisi maxime ipsum ab,,2025-11-10,2025-10-11,ABIERTO,b02b61c4-a3d7-4628-ace6-6fa2fd5166e6,988c24c9-61b1-4d22-a280-1c4510435a10,f143262f-dc5c-4eed-8da0-365bf89897b9
fe31537a-a43e-458c-a215-df00dfdf0e05,Architecto natus nostrum cum,Quam occaecati corrupti illum placeat similique assumenda aut quibusdam nihil fugit vitae.,2026-07-24,2026-10-10,CERRADO,4b0dbb41-8d52-48f1-942c-3fe860e7a113,988c24c9-61b1-4d22-a280-1c4510435a10,1d53434b-b881-49b9-ae27-0da702f06b90
46e75a2c-3f6e-4d9d-a3cb-e943ca840003,Dolorum nobis quam eligendi,Sed omnis error maxime magni quibusdam eos.,04/02/2026,2026-04-21,EN_CURSO,3eabedcb-baa8-4dd4-88bd-64072bcfbe01,956269f0-e5d7-4875-adad-d6c795a76d79,1d53434b-b881-49b9-ae27-0da702f06b90
f4655a21-cb35-497a-a5dd-98f1c8a738ab,Libero beatae libero nisi minus,Voluptates ut consequatur similique necessitatibus facilis placeat.,26/10/2025,2026-01-22,ABIERTO,4b0dbb41-8d52-48f1-942c-3fe860e7a113,28f49481-a0a0-4dc4-a720-9bdf1c11f735,f143262f-dc5c-4eed-8da0-365bf89897b9
c536c66e-fcc4-491b-b457-07c678946a15,Accusantium architecto ea aliquam,Veniam id enim quae quisquam incidunt illo odit.,28/07/2026,2026-12-28,ABIERTO,47378190-96da-4dac-b2ff-5d2a386ecbe0,ff50bde4-3825-47b8-9cab-cc97663f1c97,405cacec-8774-49a9-b7d2-1e02ff01cf99
15669e36-4708-403b-a716-10c19db54283,Aspernatur ullam voluptate culpa eveniet,Odio rerum perspiciatis architecto praesentium quas sed animi assumenda ipsa iste non est qui qui blanditiis.,01/05/2026,2026-08-22,CERRADO,c241330b-01a9-471f-9e8a-774bcf36d58b,7e570ddf-8270-40a8-a369-b584ff5e9ff0,405cacec-8774-49a9-b7d2-1e02ff01cf99
29f0ef7c-02e7-4f89-b395-7a9823204ff5,Veritatis minima quos quam cumque consectetur quos,Quasi blanditiis tempore ex inventore minima ea voluptate occaecati libero magni.,06/07/2026,2026-11-04,EN_CURSO,fc377a4c-4a15-444d-85e7-ce8a3a578a8e,988c24c9-61b1-4d22-a280-1c4510435a10,f143262f-dc5c-4eed-8da0-365bf89897b9
2ab8bd33-911f-430b-9bff-00b07fe670f3,Culpa quo tempora perferendis beatae qui,Aliquid sint doloribus iusto fugit corrupti ut.,2025-10-26,2025-11-25,ABIERTO,aefcfad8-efc8-4849-b3aa-7efe4458a885,98ae4334-6c12-4ce8-ae34-0454cac5b68c,1d53434b-b881-49b9-ae27-0da702f06b90
e9f87970-cd98-49e2-8d88-8beb090d9655,Dolore dolorum totam eum repudiandae nemo,Magnam temporibus debitis rem voluptatem veritatis architecto iure eligendi.,03/09/2026,2026-09-23,CERRADO,29a3b2e9-5d65-4441-9588-42dea2bc372f,988c24c9-61b1-4d22-a280-1c4510435a10,405cacec-8774-49a9-b7d2-1e02ff01cf99
8d9765c7-161d-4c87-93c9-fe594f89e3b2,Ab dicta natus esse numquam iure nihil,Voluptatum quod quasi molestias recusandae corrupti ut ad molestiae odio possimus ab ex quis.,2026-08-29,2026-12-12,EN_CURSO,29a3b2e9-5d65-4441-9588-42dea2bc372f,98ae4334-6c12-4ce8-ae34-0454cac5b68c,1d53434b-b881-49b9-ae27-0da702f06b90
4eb9047d-ba2a-43d9-bcf2-fc3bd95874c2,Dignissimos voluptatem in vero,Quae at ullam tempore maxime praesentium fuga voluptate assumenda.,28/02/2026,2026-08-01,CERRADO,43b7a3a6-9a8d-4a03-980d-7b71d8f56413,988c24c9-61b1-4d22-a280-1c4510435a10,405cacec-8774-49a9-b7d2-1e02ff01cf99
d1e91691-a320-4116-a22d-f6a48163b6ce,Asperiores necessitatibus ipsa vitae dolores ea,Unde hic rerum eveniet iste doloremque velit consequatur quo autem autem ipsum.,2025-11-11,2026-02-03,EN_CURSO,5304317f-af42-412f-b838-b3268e944239,bf3c4c06-4343-48bc-89fa-6a688fb5d27b,f143262f-dc5c-4eed-8da0-365bf89897b9
5bb8b9c8-8932-49f3-9ee8-9a4c681134e2, Iste iure sequi at rem ,Repudiandae possimus aliquam saepe eveniet at dolorum explicabo maiores perspiciatis ea.,2026-02-03,2026-05-15,CERRADO,ab9099a4-35a2-40ae-9af3-05535ec42e08,ff50bde4-3825-47b8-9cab-cc97663f1c97,f143262f-dc5c-4eed-8da0-365bf89897b9
dac726b6-6786-4fb3-b3bc-9a7107f4fee5,Nam mollitia atque aut recusandae commodi aperiam,Consectetur reprehenderit fuga occaecati officia neque ea repellat accusantium aperiam.,11/12/2025,2026-01-27,CERRADO,10f1bc81-448a-4a9e-a6b2-bc5b50c187fc,bf3c4c06-4343-48bc-89fa-6a688fb5d27b,f143262f-dc5c-4eed-8da0-365bf89897b9
20f87ba2-cf2e-4296-b184-b713a55f65b7,Temporibus repudiandae ex aliquam,Amet unde inventore quam libero fugit incidunt explicabo tenetur eius ipsum corrupti nostrum nulla.,2026-09-20,2026-08-26,CERRADO,23b8c1e9-3924-46de-beb1-3b9046685257,956269f0-e5d7-4875-adad-d6c795a76d79,1d53434b-b881-49b9-ae27-0da702f06b90
e1fdc6d1-6978-4221-bfb7-5c574b8c031f,Laboriosam assumenda fugit in odit reiciendis dolorum,Recusandae voluptatibus quos facere molestias laborum totam magnam harum debitis eum dolor tempore quod animi.,2026-06-13,2026-10-15,ABIERTO,451b4cf3-6123-4df7-b656-af7229d4beef,ff50bde4-3825-47b8-9cab-cc97663f1c97,405cacec-8774-49a9-b7d2-1e02ff01cf99
95804c2a-c44f-44b8-9b80-b8d18788dfed,Voluptate aut omnis eaque repellendus,Quisquam veniam nemo voluptatem harum vel voluptatibus cupiditate.,2026-04-06,2026-06-26,EN_CURSO,a9488d99-0bbb-4599-91ce-5dd2b45ed1f0,7e570ddf-8270-40a8-a369-b584ff5e9ff0,f143262f-dc5c-4eed-8da0-365bf89897b9
bcf474aa-ce63-4b1a-9168-bbf297af5bde,Totam adipisci praesentium veniam natus natus,Saepe repellat voluptas molestiae cupiditate alias animi nobis accusantium labore.,2026-01-04,2026-04-12,EN_CURSO,29a3b2e9-5d65-4441-9588-42dea2bc372f,dc713d96-0c0f-4195-817a-f08a1745d6d8,f143262f-dc5c-4eed-8da0-365bf89897b9
ce7334f2-3393-4b6c-9d37-efb6eafb3e90,Exercitationem debitis rem sit,Accusantium nesciunt totam quo sed similique vero fuga.,10/02/2026,2026-01-16,ABIERTO,b02b61c4-a3d7-4628-ace6-6fa2fd5166e6,bf3c4c06-4343-48bc-89fa-6a688fb5d27b,1d53434b-b881-49b9-ae27-0da702f06b90
19dd3e8c-9605-4035-a545-c030a981fa54,Error consequatur culpa veniam recusandae vero,Cupiditate voluptas possimus ut ratione dolore nihil cupiditate esse porro consectetur quas.,2026-10-05,2027-03-07,ABIERTO,ddd1dfb2-3b98-4ef8-9af6-1a26146d3f31,7e570ddf-8270-40a8-a369-b584ff5e9ff0,1d53434b-b881-49b9-ae27-0da702f06b90
d9cb3540-643f-4dae-92a5-4d04f2dde1f5,Adipisci nobis ullam voluptas dolore natus vel,Ex aspernatur expedita eum odio vitae reprehenderit pariatur quas.,04/07/2026,2026-08-05,CERRADO,bd9c66b3-ad3c-4d6d-9a3d-1fa7bc8960a9,bf3c4c06-4343-48bc-89fa-6a688fb5d27b,405cacec-8774-49a9-b7d2-1e02ff01cf99
35adde88-43e4-4668-82ea-d2df725656e3,Possimus expedita ratione quam aliquid,Quasi voluptas sunt laudantium fugiat molestias aut laboriosam sint officiis porro cum asperiores.,2026-02-12,2026-04-19,ABIERTO,beb79919-3f22-4af8-a3be-d01d43cf2fde,ff50bde4-3825-47b8-9cab-cc97663f1c97,405cacec-8774-49a9-b7d2-1e02ff01cf99
51976e75-0523-44fd-8b7f-2183088dbd82,Veritatis asperiores cumque fugiat quasi,Velit voluptatem excepturi voluptates tempora provident inventore officiis non ipsa amet ex voluptate illum mollitia.,2026-08-29,2026-10-15,EN_CURSO,6b65a6a4-8b81-48f6-b38a-088ca65ed389,7e570ddf-8270-40a8-a369-b584ff5e9ff0,f143262f-dc5c-4eed-8da0-365bf89897b9
a91cf192-43e8-444b-8a45-a905badf9397,Error atque hic mollitia laudantium,Facere incidunt eos optio nobis dicta ad.,2026-09-29,2026-12-18,EN_CURSO,6c307511-b2b9-437a-a8df-6ec4ce4a2bbd,956269f0-e5d7-4875-adad-d6c795a76d79,405cacec-8774-49a9-b7d2-1e02ff01cf99
14f9c394-fa20-4403-8ab4-27e3a3607681,Sapiente est id laudantium optio at molestias,Fuga fugit delectus aliquid ipsam ea saepe natus corrupti.,10/12/2025,,ABIERTO,e27a984d-6548-41d0-bfcd-9eb1a7cad415,bf3c4c06-4343-48bc-89fa-6a688fb5d27b,f143262f-dc5c-4eed-8da0-365bf89897b9
ab0b4cc5-15f0-4a19-98c1-80d2aadf3692,Repellat impedit quidem dolorem aperiam harum,In modi sint labore sunt labore aspernatur temporibus quaerat magnam tempore reiciendis perspiciatis nulla blanditiis.,2026-07-02,2026-12-11,CERRADO,29a3b2e9-5d65-4441-9588-42dea2bc372f,98ae4334-6c12-4ce8-ae34-0454cac5b68c,1d53434b-b881-49b9-ae27-0da702f06b90
fbff8a7d-f2f5-4176-ac41-cbd372f444ab,Voluptas repellat commodi incidunt,,2026-07-26,2026-09-29,ABIERTO,e27a984d-6548-41d0-bfcd-9eb1a7cad415,7e570ddf-8270-40a8-a369-b584ff5e9ff0,405cacec-8774-49a9-b7d2-1e02ff01cf99
966b62ea-9f80-496b-b34e-356ac95b61f8,Quos beatae corrupti necessitatibus nesciunt vitae aut,Natus aut enim modi exercitationem illum fugit laborum.,09/10/2025,2026-01-09,CERRADO,24933b83-7577-40a9-a491-f0b2ea1fca65,956269f0-e5d7-4875-adad-d6c795a76d79,1d53434b-b881-49b9-ae27-0da702f06b90
46818a88-2c15-4804-8997-59a37919955c,Corporis non possimus aliquam suscipit ex,Aliquid labore eaque fuga excepturi recusandae est sapiente similique placeat.,2026-05-29,2026-06-23,EN_CURSO,10f1bc81-448a-4a9e-a6b2-bc5b50c187fc,98ae4334-6c12-4ce8-ae34-0454cac5b68c,1d53434b-b881-49b9-ae27-0da702f06b90
f96671a5-4cec-495b-a267-16e33a5b6ac5,Quo eum quas non at ipsam,Qui quis sint reprehenderit maiores culpa est magni consequatur sed sunt adipisci deserunt.,2026-09-07,,ABIERTO,0e51f30d-c6a7-4e39-84b0-32ccd7c524a5,28f49481-a0a0-4dc4-a720-9bdf1c11f735,405cacec-8774-49a9-b7d2-1e02ff01cf99
3fde9814-0ec0-4d4b-9644-1a9d3362d476,Itaque ullam provident,Fuga iure id ullam perspiciatis doloribus laborum ipsum vero labore mollitia.,2026-08-24,2026-12-24,EN_CURSO,b74d0fb1-32e7-4629-8fad-c1a606cb0fb3,98ae4334-6c12-4ce8-ae34-0454cac5b68c,f143262f-dc5c-4eed-8da0-365bf89897b9
42378962-e4fd-4c34-9670-7a2129dc073e, Eligendi harum cum nemo ,Sequi officia perspiciatis eaque illum accusantium quos quisquam ab tenetur.,15/02/2026,2026-08-11,EN_CURSO,c241330b-01a9-471f-9e8a-774bcf36d58b,98ae4334-6c12-4ce8-ae34-0454cac5b68c,405cacec-8774-49a9-b7d2-1e02ff01cf99
022aadda-cd05-49e2-99e4-704c2c56e0cd,Dolorum rem esse vitae odit,,13/06/2026,2026-11-08,CERRADO,4b0dbb41-8d52-48f1-942c-3fe860e7a113,988c24c9-61b1-4d22-a280-1c4510435a10,f143262f-dc5c-4eed-8da0-365bf89897b9
af35b30b-4c68-4b17-885d-831c9beab529,Laboriosam excepturi eius eveniet,Ea quae tempora error corrupti quisquam tempore rem rem nobis optio.,2026-05-23,2026-09-26,CERRADO,e27a984d-6548-41d0-bfcd-9eb1a7cad415,dc713d96-0c0f-4195-817a-f08a1745d6d8,f143262f-dc5c-4eed-8da0-365bf89897b9
a7c854e4-0684-4c86-b8a6-040223d26b8d,Voluptatum ea in harum alias provident nemo,Exercitationem quae placeat odit labore velit facere error cumque omnis.,26/06/2026,2026-09-11,ABIERTO,4b0dbb41-8d52-48f1-942c-3fe860e7a113,988c24c9-61b1-4d22-a280-1c4510435a10,405cacec-8774-49a9-b7d2-1e02ff01cf99
7885187d-18fc-43b7-8b35-6e9a2e5eeb6a,Qui quam nam totam,Omnis dolore dolore sit in suscipit fuga nesciunt iure blanditiis amet odio.,09/05/2026,2026-09-19,CERRADO,beb79919-3f22-4af8-a3be-d01d43cf2fde,98ae4334-6c12-4ce8-ae34-0454cac5b68c,f143262f-dc5c-4eed-8da0-365bf89897b9
78e36397-123b-41cf-9ee3-39fff1bdb598, Magnam sint fugit error amet ,Consequuntur dicta illum necessitatibus tenetur itaque et quaerat quod.,2026-05-18,2026-06-09,EN_CURSO,a9488d99-0bbb-4599-91ce-5dd2b45ed1f0,ff50bde4-3825-47b8-9cab-cc97663f1c97,f143262f-dc5c-4eed-8da0-365bf89897b9
2d445af8-fc94-46b1-a18b-5d1555273407, Odio a earum quis cumque quisquam ,Quos quod consectetur inventore inventore inventore labore a modi quas veniam tempora quidem minus.,2026-04-12,2026-06-20,EN_CURSO,ec1b8ca1-f91e-4d4c-9ff4-9b7889463e85,28f49481-a0a0-4dc4-a720-9bdf1c11f735,f143262f-dc5c-4eed-8da0-365bf89897b9
bbcd6c18-a06e-4de5-810e-4265ad3f5dd4,Dolorem soluta est aut magnam,Cumque reprehenderit error enim quas nisi excepturi suscipit voluptatum exercitationem temporibus.,2025-10-11,2026-03-27,CERRADO,4b0dbb41-8d52-48f1-942c-3fe860e7a113,bf3c4c06-4343-48bc-89fa-6a688fb5d27b,1d53434b-b881-49b9-ae27-0da702f06b90
f2b5a7ea-2a35-4e30-b03c-b04bc0079336,Accusantium dolore voluptates distinctio accusantium magnam,Facilis officiis alias soluta ducimus modi aliquid voluptatum optio.,2026-02-21,2026-04-25,ABIERTO,759cde66-bacf-43d0-8b1f-9163ce9ff57f,98ae4334-6c12-4ce8-ae34-0454cac5b68c,f143262f-dc5c-4eed-8da0-365bf89897b9
b0937085-0c59-41f8-850d-cbfed60bf603,Impedit fugit molestias labore,Dignissimos placeat ab in aut maxime numquam praesentium in.,15/06/2026,2026-11-19,ABIERTO,b02b61c4-a3d7-4628-ace6-6fa2fd5166e6,988c24c9-61b1-4d22-a280-1c4510435a10,f143262f-dc5c-4eed-8da0-365bf89897b9
9e21741f-b801-4026-82f7-38611adba8cf,Eligendi quos libero non,Rerum voluptate facere illum cum molestias tenetur porro laboriosam doloremque accusamus.,18/09/2026,2026-09-10,ABIERTO,e2acf72f-9e57-4f7a-a0ee-89aed453dd32,7e570ddf-8270-40a8-a369-b584ff5e9ff0,f143262f-dc5c-4eed-8da0-365bf89897b9
92fbacf6-d5d1-4669-9c45-3357e8294a67,Corrupti at maiores quam aut ducimus doloremque,,2025-11-08,2026-01-24,EN_CURSO,e27a984d-6548-41d0-bfcd-9eb1a7cad415,28f49481-a0a0-4dc4-a720-9bdf1c11f735,f143262f-dc5c-4eed-8da0-365bf89897b9
a5aecf37-a9d1-428e-a36d-d176da1c96ae,Eveniet tempora veritatis eaque,Fuga exercitationem beatae id itaque saepe porro laboriosam.,08/10/2025,2026-03-13, Cerrado ,ddd1dfb2-3b98-4ef8-9af6-1a26146d3f31,98ae4334-6c12-4ce8-ae34-0454cac5b68c,1d53434b-b881-49b9-ae27-0da702f06b90
2ab202c2-cc02-43c6-a2d9-03c8a61acd8e,Consequatur quas voluptatem sapiente,Impedit nihil rem perspiciatis debitis fugit facere adipisci.,2026-03-17,2026-08-19,EN_CURSO,ddd1dfb2-3b98-4ef8-9af6-1a26146d3f31,988c24c9-61b1-4d22-a280-1c4510435a10,f143262f-dc5c-4eed-8da0-365bf89897b9
f933a9fa-ba2e-4eb3-96aa-5382e1446b45, Laboriosam laborum suscipit ipsam ,Ea et provident perspiciatis quisquam nemo natus voluptate.,2026-06-27,2026-06-03,EN_CURSO,43b7a3a6-9a8d-4a03-980d-7b71d8f56413,956269f0-e5d7-4875-adad-d6c795a76d79,1d53434b-b881-49b9-ae27-0da702f06b90
85ea16e0-84e3-4774-969a-def0df865633,Atque optio dolorum exercitationem perspiciatis harum saepe nam,,22/06/2026,2026-08-25,EN_CURSO,6b65a6a4-8b81-48f6-b38a-088ca65ed389,ff50bde4-3825-47b8-9cab-cc97663f1c97,405cacec-8774-49a9-b7d2-1e02ff01cf99
db496e6d-1688-482f-b2b6-96ca92b26acd,Ipsum blanditiis libero officiis aut impedit nam,Repudiandae recusandae vitae odit tempora natus omnis.,2026-08-12,,CERRADO,b02b61c4-a3d7-4628-ace6-6fa2fd5166e6,dc713d96-0c0f-4195-817a-f08a1745d6d8,1d53434b-b881-49b9-ae27-0da702f06b90
d34794cc-5d04-432d-9742-3882f34a7949,Repellendus sapiente ex,Nobis quaerat facilis iste atque omnis a explicabo odio reiciendis molestias fugiat autem tempore laudantium reprehenderit.,31/03/2026,2026-09-12,CERRADO,24933b83-7577-40a9-a491-f0b2ea1fca65,dc713d96-0c0f-4195-817a-f08a1745d6d8,405cacec-8774-49a9-b7d2-1e02ff01cf99
41191aa7-1b61-4453-a8c2-094db8b818cf,Deserunt blanditiis sequi dolor repudiandae deleniti excepturi quidem,,20/07/2026,,EN_CURSO,43b7a3a6-9a8d-4a03-980d-7b71d8f56413,28f49481-a0a0-4dc4-a720-9bdf1c11f735,405cacec-8774-49a9-b7d2-1e02ff01cf99
87c5f526-011c-4544-bfb3-3be5f6bf2f72, Mollitia inventore nesciunt ,Quos tenetur porro cupiditate repellendus aut omnis non eum sunt in non possimus dolorum id.,2025-11-26,,ABIERTO,10f1bc81-448a-4a9e-a6b2-bc5b50c187fc,ff50bde4-3825-47b8-9cab-cc97663f1c97,f143262f-dc5c-4eed-8da0-365bf89897b9
ce072a52-73ed-4223-8b4e-f503f8722413,Consequuntur nobis suscipit maiores,Similique quae vel odio dicta numquam enim exercitationem perferendis voluptatem officiis vero magnam possimus eum.,2026-02-15,2026-03-13,ABIERTO,9132b63e-f162-47e4-a9c3-49e03602f8ac,dc713d96-0c0f-4195-817a-f08a1745d6d8,1d53434b-b881-49b9-ae27-0da702f06b90
7af985ff-8ff1-4886-9a2c-41bcc2c226ff,Necessitatibus pariatur impedit quibusdam sapiente enim sed repellat,Autem fugit amet animi eaque quos voluptates placeat corporis aperiam quos dignissimos molestiae facere iste.,18/11/2025,2026-01-04,CERRADO,5304317f-af42-412f-b838-b3268e944239,956269f0-e5d7-4875-adad-d6c795a76d79,405cacec-8774-49a9-b7d2-1e02ff01cf99
8fd7b1a1-bd4f-4118-acef-45c4de3790fb,Quia natus dolores quos reiciendis,Possimus aliquid fugit impedit ratione placeat vitae amet quia dicta sit.,2026-06-01,2026-11-09,EN_CURSO,b02b61c4-a3d7-4628-ace6-6fa2fd5166e6,988c24c9-61b1-4d22-a280-1c4510435a10,f143262f-dc5c-4eed-8da0-365bf89897b9
39bd8bd6-d479-4c36-b16c-a1f2dec00f3a,Quidem molestias nobis quod vitae eos,Voluptatem asperiores vitae quasi blanditiis aliquam eius eaque cum.,2026-09-04,2026-12-15,ABIERTO,972a8469-1641-4f82-8b9d-2434e465e150,dc713d96-0c0f-4195-817a-f08a1745d6d8,f143262f-dc5c-4eed-8da0-365bf89897b9
77617d80-549f-434c-8171-f5a74148bd11,Aliquam ut nisi quo,Nulla optio laudantium nemo facere quos et dolore delectus architecto magnam impedit modi at dolore distinctio.,2026-08-29,2026-10-12,ABIERTO,ab9099a4-35a2-40ae-9af3-05535ec42e08,988c24c9-61b1-4d22-a280-1c4510435a10,405cacec-8774-49a9-b7d2-1e02ff01cf99
37ec07a6-4b27-4079-9c5d-3f1b54c0c6c2,Minus voluptatum reprehenderit voluptatem ab pariatur ipsum temporibus,Ullam doloribus aliquam suscipit fugit recusandae beatae ducimus quam ad maxime quo maiores magni laborum eos.,10/02/2026,2026-07-22,cerrado,972a8469-1641-4f82-8b9d-2434e465e150,ff50bde4-3825-47b8-9cab-cc97663f1c97,405cacec-8774-49a9-b7d2-1e02ff01cf99
15149755-838e-4a61-9200-044b31487df8, Cumque vero modi ab ,Distinctio occaecati distinctio placeat saepe dignissimos repudiandae soluta.,15/06/2026,2026-11-21,EN_CURSO,9a1de644-815e-46d1-bb8f-aa1837f8a88b,7e570ddf-8270-40a8-a369-b584ff5e9ff0,405cacec-8774-49a9-b7d2-1e02ff01cf99
d116d014-a585-4828-af6b-bdf3c673f2e0,Quia corrupti itaque ex,,19/07/2026,2026-06-22,EN_CURSO,24933b83-7577-40a9-a491-f0b2ea1fca65,7e570ddf-8270-40a8-a369-b584ff5e9ff0,1d53434b-b881-49b9-ae27-0da702f06b90
63b664f4-0452-4779-90ff-de646edaba8c,Modi odit nulla quidem,Aliquid sed facere magnam enim placeat non eligendi unde fugit reprehenderit adipisci culpa dolore quia reiciendis.,2026-03-11,2026-07-01,EN_CURSO,3eabedcb-baa8-4dd4-88bd-64072bcfbe01,dc713d96-0c0f-4195-817a-f08a1745d6d8,1d53434b-b881-49b9-ae27-0da702f06b90
a250d133-f5cb-4be4-8b83-b5708bb4995a,Error suscipit vitae sint,Vero accusamus soluta consequuntur aliquam nemo hic molestias assumenda distinctio qui quas.,2026-08-30,2027-01-01,EN_CURSO,366eb16f-508e-4ad7-b7c9-3acfe059a0ee,bf3c4c06-4343-48bc-89fa-6a688fb5d27b,1d53434b-b881-49b9-ae27-0da702f06b90
d9f93502-a55b-444f-a7d7-3d1d69a3b991,Consequuntur delectus nulla dolorum beatae perferendis necessitatibus,Sed ut voluptatibus itaque mollitia enim architecto.,2025-12-26,2026-02-04,ABIERTO,5be6128e-18c2-4797-a142-ea7d17be3111,dc713d96-0c0f-4195-817a-f08a1745d6d8,1d53434b-b881-49b9-ae27-0da702f06b90
7cb882a0-94a1-4ab0-b9c0-37aa3289f58b, Explicabo perferendis doloremque eligendi architecto deserunt ,Iste nulla esse nesciunt natus facilis et incidunt a doloribus dolore qui ipsa saepe.,2025-11-12,2025-12-17,ABIERTO,759cde66-bacf-43d0-8b1f-9163ce9ff57f,ff50bde4-3825-47b8-9cab-cc97663f1c97,1d53434b-b881-49b9-ae27-0da702f06b90
e0bd202c-54e1-4f3a-bba4-1ae0adf8f767,Iure facere esse mollitia cupiditate non sapiente,Tempora deserunt quasi occaecati quas tempora sed occaecati repellat.,2025-11-26,2025-12-30,ABIERTO,bdd640fb-0667-4ad1-9c80-317fa3b1799d,98ae4334-6c12-4ce8-ae34-0454cac5b68c,f143262f-dc5c-4eed-8da0-365bf89897b9
36777be4-970c-4eb4-84ea-4ece67b6e467,Mollitia molestiae voluptatum,Omnis corrupti hic tempora nihil similique consequatur magnam at facilis ab dolores vitae voluptatem.,2026-05-17,,EN_CURSO,e2acf72f-9e57-4f7a-a0ee-89aed453dd32,bf3c4c06-4343-48bc-89fa-6a688fb5d27b,405cacec-8774-49a9-b7d2-1e02ff01cf99
23ef5561-839e-4623-81d8-41d32a74b90c,Culpa necessitatibus natus sit corporis quasi vel,Dolor laborum aperiam fuga aliquam dignissimos tenetur.,2026-06-27,2026-09-23,CERRADO,e2acf72f-9e57-4f7a-a0ee-89aed453dd32,988c24c9-61b1-4d22-a280-1c4510435a10,405cacec-8774-49a9-b7d2-1e02ff01cf99
7463835e-eafb-4f20-b83c-91eb635a11f2,Aliquam officiis aut,Odio earum quia neque necessitatibus fugiat fugiat nesciunt tempore aspernatur dolorum voluptate dolore illo repellendus.,2026-02-22,2026-05-07,EN_CURSO,e27a984d-6548-41d0-bfcd-9eb1a7cad415,7e570ddf-8270-40a8-a369-b584ff5e9ff0,f143262f-dc5c-4eed-8da0-365bf89897b9
e31db345-7b6b-411e-8aeb-99597ca2f582,Ab sunt ipsam dolorem maiores eligendi corrupti culpa,Quaerat blanditiis dolorem repellat quam laboriosam laboriosam distinctio cum rerum ad aliquam nemo cum occaecati aliquam.,15/02/2026,2026-02-10,CERRADO,43b7a3a6-9a8d-4a03-980d-7b71d8f56413,ff50bde4-3825-47b8-9cab-cc97663f1c97,f143262f-dc5c-4eed-8da0-365bf89897b9
421d4dca-2a95-4908-8e50-3fd82598f383, Maxime illo voluptas odit ,Veniam dolor non iusto laboriosam dolor illum consequuntur nesciunt quisquam numquam.,2026-05-15,2026-07-05,ABIERTO,972a8469-1641-4f82-8b9d-2434e465e150,ff50bde4-3825-47b8-9cab-cc97663f1c97,f143262f-dc5c-4eed-8da0-365bf89897b9
af82e70c-b964-4e4f-aaef-cf3b43b7a0ef,Ullam nisi architecto fugiat consequatur accusantium,Similique magnam in corrupti atque labore nostrum aliquam quos magnam blanditiis laboriosam consectetur nobis repudiandae.,2026-04-21,2026-10-05,CERRADO,366eb16f-508e-4ad7-b7c9-3acfe059a0ee,dc713d96-0c0f-4195-817a-f08a1745d6d8,f143262f-dc5c-4eed-8da0-365bf89897b9
a6340d1a-adb6-40f4-865d-e86ef00f63ef,Minima fuga aliquam minus dolorem rem,Expedita rem tenetur saepe nemo incidunt ducimus quisquam tenetur assumenda nisi molestiae.,2026-09-18,2026-11-03,EN_CURSO,3139d32c-93cd-49bf-9c94-1cf0dc98d2c1,98ae4334-6c12-4ce8-ae34-0454cac5b68c,f143262f-dc5c-4eed-8da0-365bf89897b9
be5f902f-b58a-4738-8166-72213063ae7f,Neque blanditiis ab,Porro et facere culpa officiis ducimus sequi incidunt facilis eius.,13/01/2026,2026-06-05,CERRADO,5304317f-af42-412f-b838-b3268e944239,988c24c9-61b1-4d22-a280-1c4510435a10,405cacec-8774-49a9-b7d2-1e02ff01cf99
69c9520f-3425-449c-8145-d6ba65bf8e04,Quos laboriosam fuga mollitia ducimus esse exercitationem,Quasi sequi omnis quibusdam ipsum praesentium cum dolor id excepturi mollitia possimus provident.,2026-06-26,2026-12-11,ABIERTO,a28defe3-9bf0-4273-9247-6f57a5e5a5ab,28f49481-a0a0-4dc4-a720-9bdf1c11f735,1d53434b-b881-49b9-ae27-0da702f06b90
015aba1d-a2c8-4f62-b6ee-137d639c4c6c,Reprehenderit iusto nobis at,,2025-12-06,2026-02-23,ABIERTO,9a1de644-815e-46d1-bb8f-aa1837f8a88b,7e570ddf-8270-40a8-a369-b584ff5e9ff0,1d53434b-b881-49b9-ae27-0da702f06b90
33a315f3-02bd-4abe-b060-78eb7e8eed12,Enim alias nobis maiores doloremque cumque alias,Omnis voluptate assumenda eius id pariatur illo dicta accusamus provident.,2026-06-10,2026-11-19,CERRADO,23b8c1e9-3924-46de-beb1-3b9046685257,dc713d96-0c0f-4195-817a-f08a1745d6d8,1d53434b-b881-49b9-ae27-0da702f06b90
b9e439ef-48d4-45a4-8cb2-1aa217151c03,Totam expedita vitae eius non deserunt ut,A cupiditate magni nam magnam excepturi blanditiis maiores ducimus modi recusandae dolorum ipsam fugiat laborum.,2026-09-26,2026-10-21,ABIERTO,b02b61c4-a3d7-4628-ace6-6fa2fd5166e6,988c24c9-61b1-4d22-a280-1c4510435a10,f143262f-dc5c-4eed-8da0-365bf89897b9
c68da4b2-f613-4da0-96f4-01e5c1e9c4fa,Placeat tempore similique laboriosam ducimus fugit ratione,Perspiciatis dolorem et veritatis maxime ab rerum dolorum at perferendis.,2026-01-07,2026-03-09,CERRADO,a28defe3-9bf0-4273-9247-6f57a5e5a5ab,988c24c9-61b1-4d22-a280-1c4510435a10,405cacec-8774-49a9-b7d2-1e02ff01cf99
ee6ffbea-8df7-4647-9376-9ff9578cd875,Labore explicabo tempora eaque,Libero dicta quasi sit dignissimos dicta dolorum nulla culpa autem.,19/08/2026,2027-01-01,EN_CURSO,aefcfad8-efc8-4849-b3aa-7efe4458a885,28f49481-a0a0-4dc4-a720-9bdf1c11f735,f143262f-dc5c-4eed-8da0-365bf89897b9
a9d6290d-f4ad-4a22-ad02-05f51417c2f9,Nostrum quisquam molestiae aliquam laboriosam nulla laudantium,,2026-09-27,,ABIERTO,fc377a4c-4a15-444d-85e7-ce8a3a578a8e,98ae4334-6c12-4ce8-ae34-0454cac5b68c,1d53434b-b881-49b9-ae27-0da702f06b90
50ce857f-75c7-4fb6-84a9-1789b2c027e8,Accusamus distinctio neque,Facere similique deleniti ea earum vero exercitationem delectus incidunt in quibusdam facilis.,2025-11-20,2025-10-29,EN_CURSO,ab9099a4-35a2-40ae-9af3-05535ec42e08,bf3c4c06-4343-48bc-89fa-6a688fb5d27b,f143262f-dc5c-4eed-8da0-365bf89897b9
9247e851-2e0d-4860-b362-f9b74795cd1d,Voluptatem placeat repellendus quam,Nam sequi deserunt reiciendis qui labore ab in consequatur tempora.,2026-03-09,2026-04-15,EN_CURSO,ec1b8ca1-f91e-4d4c-9ff4-9b7889463e85,28f49481-a0a0-4dc4-a720-9bdf1c11f735,405cacec-8774-49a9-b7d2-1e02ff01cf99
50d3802d-b876-4455-88b3-152d845a91b8,Error natus necessitatibus id porro animi repellendus,Saepe atque quia ea facere nam repellat exercitationem illum expedita perspiciatis non nemo officiis.,06/06/2026,2026-10-02,CERRADO,bdd640fb-0667-4ad1-9c80-317fa3b1799d,988c24c9-61b1-4d22-a280-1c4510435a10,f143262f-dc5c-4eed-8da0-365bf89897b9
48dc1e26-c7c2-464a-bab8-328f2cae93a2,Eveniet magni quod ipsum aspernatur nostrum,,2026-05-02,2026-05-30,ABIERTO,ce177b4e-0837-48a3-9261-a7ab3aa2e4f9,28f49481-a0a0-4dc4-a720-9bdf1c11f735,1d53434b-b881-49b9-ae27-0da702f06b90
71e4dc42-e33f-452c-8570-83e4653c8f74,Quibusdam maxime ipsum cumque sequi commodi,,2026-06-12,2026-11-01,CERRADO,3eabedcb-baa8-4dd4-88bd-64072bcfbe01,bf3c4c06-4343-48bc-89fa-6a688fb5d27b,405cacec-8774-49a9-b7d2-1e02ff01cf99
154ff37d-fefa-4198-83d6-cd548623bc74,Ea culpa omnis suscipit,Dolorem qui ipsam consectetur minima cupiditate alias explicabo totam sint iusto.,2026-03-08,2026-05-30,CERRADO,47378190-96da-4dac-b2ff-5d2a386ecbe0,dc713d96-0c0f-4195-817a-f08a1745d6d8,f143262f-dc5c-4eed-8da0-365bf89897b9
8c6d768e-45bc-43ba-af52-d36e8a63b93c,Consequatur veniam molestiae nihil itaque quibusdam,Ipsa odit modi tenetur laboriosam dolorem at est impedit culpa ab minima quis consequatur enim.,08/09/2026,2027-01-25,ABIERTO,23b8c1e9-3924-46de-beb1-3b9046685257,7e570ddf-8270-40a8-a369-b584ff5e9ff0,1d53434b-b881-49b9-ae27-0da702f06b90
7def3b8e-ec0d-4c3a-b011-b125022111e5,Error quisquam reiciendis nisi reiciendis molestias deleniti,,30/04/2026,2026-06-24,EN_CURSO,9132b63e-f162-47e4-a9c3-49e03602f8ac,bf3c4c06-4343-48bc-89fa-6a688fb5d27b,1d53434b-b881-49b9-ae27-0da702f06b90
1186da93-da7d-4c53-b020-cf0669b41194,Consequatur beatae iste iste,Laudantium eum corrupti voluptas ad voluptas eligendi commodi ipsa ab at accusamus dolor in ratione libero.,17/01/2026,2026-05-16,ABIERTO,43b7a3a6-9a8d-4a03-980d-7b71d8f56413,956269f0-e5d7-4875-adad-d6c795a76d79,f143262f-dc5c-4eed-8da0-365bf89897b9
081fec82-ca9a-4f77-b26a-51a576b40672,Aspernatur quibusdam corporis eaque hic molestiae,,2026-02-26,2026-04-12,CERRADO,c241330b-01a9-471f-9e8a-774bcf36d58b,988c24c9-61b1-4d22-a280-1c4510435a10,1d53434b-b881-49b9-ae27-0da702f06b90
75f94230-32fd-43c5-8894-2176fe99df69, Maxime voluptatem labore placeat ,Vel culpa quas quia mollitia commodi laboriosam error facere amet pariatur.,2026-07-18,2026-10-15,CERRADO,4b0dbb41-8d52-48f1-942c-3fe860e7a113,98ae4334-6c12-4ce8-ae34-0454cac5b68c,f143262f-dc5c-4eed-8da0-365bf89897b9
531350e0-6f25-47ce-a206-527c3c6841d6,Cumque eius blanditiis,Ab aliquam quos labore nisi fuga at culpa at nulla.,17/11/2025,2026-04-01,ABIERTO,451b4cf3-6123-4df7-b656-af7229d4beef,ff50bde4-3825-47b8-9cab-cc97663f1c97,f143262f-dc5c-4eed-8da0-365bf89897b9
a008ac20-c272-48e6-bf39-a117f83b1806,Animi officia praesentium recusandae,Laborum et nam officia expedita tempora quasi accusantium fugiat.,2026-10-01,2026-12-03,CERRADO,0e51f30d-c6a7-4e39-84b0-32ccd7c524a5,ff50bde4-3825-47b8-9cab-cc97663f1c97,405cacec-8774-49a9-b7d2-1e02ff01cf99
0a1bebd3-e60e-4813-802d-a0fa227dcecc,Provident nam molestiae laudantium necessitatibus molestiae eum,Eius rerum totam mollitia architecto culpa eos ea facilis a odit fugiat delectus accusantium.,13/07/2026,2026-10-06,EN_CURSO,fc377a4c-4a15-444d-85e7-ce8a3a578a8e,dc713d96-0c0f-4195-817a-f08a1745d6d8,405cacec-8774-49a9-b7d2-1e02ff01cf99
3d211daf-9ec5-405d-86a9-05985d340833,Quam omnis molestiae harum minima libero,Culpa eligendi illum eum atque omnis aliquam vel debitis adipisci autem deleniti adipisci odit harum.,2026-09-02,2026-11-28,CERRADO,3139d32c-93cd-49bf-9c94-1cf0dc98d2c1,988c24c9-61b1-4d22-a280-1c4510435a10,405cacec-8774-49a9-b7d2-1e02ff01cf99
971df5fd-b389-40ce-9fbc-879e869c3a8e,Aliquid dolore quaerat accusamus ullam,Unde rerum iusto odit facere quia tempora reprehenderit recusandae animi nulla minus quasi rerum.,13/04/2026,2026-08-20,CERRADO,b02b61c4-a3d7-4628-ace6-6fa2fd5166e6,28f49481-a0a0-4dc4-a720-9bdf1c11f735,f143262f-dc5c-4eed-8da0-365bf89897b9
84fcfcb0-f5e9-4352-b745-39f2f1d188b9,Aut doloremque harum deserunt,Necessitatibus veniam nam nam quia quisquam nemo perferendis praesentium incidunt.,2025-11-04,2026-04-09,CERRADO,29a3b2e9-5d65-4441-9588-42dea2bc372f,988c24c9-61b1-4d22-a280-1c4510435a10,f143262f-dc5c-4eed-8da0-365bf89897b9
8cca8963-2e2e-47a4-8ade-c3792ab403f6, Magnam omnis modi nobis ut temporibus ,Voluptatibus eveniet fuga quisquam inventore quas non natus distinctio quisquam unde ducimus vitae ipsum id.,2025-11-14,2026-01-16,CERRADO,759cde66-bacf-43d0-8b1f-9163ce9ff57f,98ae4334-6c12-4ce8-ae34-0454cac5b68c,405cacec-8774-49a9-b7d2-1e02ff01cf99
9883e9b1-48d3-42ce-bba3-091f08dfaaf8, Maxime voluptatibus error ,Voluptates dolor et quo velit reprehenderit ullam maiores necessitatibus nemo atque.,2026-07-14,2026-11-11,ABIERTO,a9488d99-0bbb-4599-91ce-5dd2b45ed1f0,988c24c9-61b1-4d22-a280-1c4510435a10,1d53434b-b881-49b9-ae27-0da702f06b90
43d643ed-236e-4832-a7f6-a2ac5b0c4170,Suscipit dolorum ducimus error necessitatibus necessitatibus,Quasi quam recusandae cupiditate repudiandae porro nemo tenetur nisi error.,2026-04-01,2026-07-22,EN_CURSO,c241330b-01a9-471f-9e8a-774bcf36d58b,988c24c9-61b1-4d22-a280-1c4510435a10,405cacec-8774-49a9-b7d2-1e02ff01cf99
1417182a-61ad-418a-9387-5413ceef7261,Ullam ex sunt ipsa,Sit dolorem officiis nobis accusamus quod fugit esse aliquam.,2026-07-15,2026-06-27,CERRADO,e27a984d-6548-41d0-bfcd-9eb1a7cad415,28f49481-a0a0-4dc4-a720-9bdf1c11f735,405cacec-8774-49a9-b7d2-1e02ff01cf99
809d6444-53ab-4cce-a64a-e04f909e21ba,Corrupti perferendis voluptatum voluptas quidem,Magnam dolore enim hic consequatur assumenda nemo aliquid id assumenda magnam quo consectetur consequatur nam.,2026-05-02,2026-09-06,ABIERTO,ce177b4e-0837-48a3-9261-a7ab3aa2e4f9,988c24c9-61b1-4d22-a280-1c4510435a10,405cacec-8774-49a9-b7d2-1e02ff01cf99
32339053-9242-4a54-a6f9-c0e165339cf0,Nulla quasi doloribus asperiores quod eum unde,Beatae impedit facilis deleniti exercitationem omnis quo cumque.,2026-04-12,2026-06-02, En Curso ,c241330b-01a9-471f-9e8a-774bcf36d58b,956269f0-e5d7-4875-adad-d6c795a76d79,f143262f-dc5c-4eed-8da0-365bf89897b9
cd840a47-fd7b-4279-9253-55159dc0a8b5,Numquam ipsam unde doloremque placeat culpa,Beatae amet veniam unde sit reprehenderit accusamus possimus.,2026-02-17,2026-05-10,EN_CURSO,beb79919-3f22-4af8-a3be-d01d43cf2fde,98ae4334-6c12-4ce8-ae34-0454cac5b68c,1d53434b-b881-49b9-ae27-0da702f06b90
05d2d205-789f-4d96-b337-3c2f4e1c3762,Distinctio modi dignissimos minima ea laboriosam,Possimus pariatur fugiat temporibus minima ducimus animi dicta possimus.,17/11/2025,2025-12-22,EN_CURSO,10f1bc81-448a-4a9e-a6b2-bc5b50c187fc,98ae4334-6c12-4ce8-ae34-0454cac5b68c,f143262f-dc5c-4eed-8da0-365bf89897b9
f1f71605-a79e-4626-b707-ac0e0d96feb3,Architecto optio optio,Sint accusantium sint officiis doloremque fugit voluptate aut et sint minus delectus.,18/01/2026,2026-07-12,CERRADO,5304317f-af42-412f-b838-b3268e944239,bf3c4c06-4343-48bc-89fa-6a688fb5d27b,1d53434b-b881-49b9-ae27-0da702f06b90
ed25459e-8f89-47fa-b53e-9662f77fa3a7, Aliquam ullam esse ,Hic culpa expedita explicabo numquam doloremque voluptatem magnam repellat numquam soluta tempora repellendus adipisci.,2026-04-17,2026-05-19,ABIERTO,e2acf72f-9e57-4f7a-a0ee-89aed453dd32,7e570ddf-8270-40a8-a369-b584ff5e9ff0,1d53434b-b881-49b9-ae27-0da702f06b90
26d658fb-39bf-49b6-87ba-c8aaf2f94b2c,Tempore omnis assumenda fugit vero nostrum,Placeat impedit nemo incidunt est non ipsum consectetur officiis neque placeat dicta consequuntur porro tempore tenetur.,2026-05-08,2026-06-15,EN_CURSO,b74d0fb1-32e7-4629-8fad-c1a606cb0fb3,956269f0-e5d7-4875-adad-d6c795a76d79,f143262f-dc5c-4eed-8da0-365bf89897b9
c521ff2e-f9cc-43ed-a8b4-5c6afee543b3,Omnis natus culpa architecto,Veniam blanditiis et sunt quas quisquam sunt impedit illum ipsam ut tempora ut earum quod.,2026-03-21,2026-05-17,CERRADO,3139d32c-93cd-49bf-9c94-1cf0dc98d2c1,bf3c4c06-4343-48bc-89fa-6a688fb5d27b,405cacec-8774-49a9-b7d2-1e02ff01cf99
c32fc21b-06b4-4d27-af4b-8be821acfdb5, Nulla non nostrum nisi doloremque ad aspernatur quod ,,2025-11-15,2026-02-21,ABIERTO,e2acf72f-9e57-4f7a-a0ee-89aed453dd32,28f49481-a0a0-4dc4-a720-9bdf1c11f735,f143262f-dc5c-4eed-8da0-365bf89897b9
451575b9-ece9-404b-83d7-f962f80443ee,Dolore perferendis dicta dignissimos debitis veritatis,Sint laudantium eveniet itaque doloribus illo aliquam quasi fugit est nostrum quia nisi.,28/07/2026,2026-11-30,abierto,759cde66-bacf-43d0-8b1f-9163ce9ff57f,98ae4334-6c12-4ce8-ae34-0454cac5b68c,1d53434b-b881-49b9-ae27-0da702f06b90
c9739495-b440-4852-a033-500ea43262b3,Maxime iste repudiandae,Soluta doloribus modi voluptates aliquam harum quisquam.,2026-04-26,2026-06-26,ABIERTO,371ecd7b-27cd-4130-8722-9389571aa876,956269f0-e5d7-4875-adad-d6c795a76d79,1d53434b-b881-49b9-ae27-0da702f06b90
65e5f13f-7086-4a45-8a8a-bb17309a083a,Quo enim cumque eos ullam,Temporibus iure officia at magnam debitis nesciunt tempora molestias hic eum ad iste tempore tempore.,24/10/2025,,CERRADO,759cde66-bacf-43d0-8b1f-9163ce9ff57f,988c24c9-61b1-4d22-a280-1c4510435a10,1d53434b-b881-49b9-ae27-0da702f06b90
52f69081-4005-44b8-9716-03b174661e6f,Quaerat commodi beatae ipsum,Assumenda provident quas voluptate nostrum cum mollitia aliquam cupiditate excepturi sit sint.,2026-09-12,2026-11-02,ABIERTO,451b4cf3-6123-4df7-b656-af7229d4beef,dc713d96-0c0f-4195-817a-f08a1745d6d8,f143262f-dc5c-4eed-8da0-365bf89897b9
c4e775b9-2dca-465a-a504-fd28de6ae459,In est quisquam,Enim debitis tempore vero a quisquam accusamus libero libero rem non laudantium dolor optio.,2025-12-06,2026-02-24,CERRADO,bdd640fb-0667-4ad1-9c80-317fa3b1799d,988c24c9-61b1-4d22-a280-1c4510435a10,f143262f-dc5c-4eed-8da0-365bf89897b9
99e95433-1453-417e-b11e-be6f68ffae17,Ab sunt eius occaecati reprehenderit dignissimos delectus animi,Alias sequi pariatur saepe error ullam aliquid impedit debitis perferendis nostrum porro.,30/03/2026,,ABIERTO,17fc695a-07a0-4a6e-8822-e8f36c031199,988c24c9-61b1-4d22-a280-1c4510435a10,f143262f-dc5c-4eed-8da0-365bf89897b9
2d6b5953-8fea-484e-898c-fd4892811c92,Quibusdam facere alias quisquam eum tempore reprehenderit,Sapiente aperiam iusto commodi similique eveniet impedit distinctio distinctio animi necessitatibus voluptatem minus.,2026-05-24,2026-11-05,EN_CURSO,a28defe3-9bf0-4273-9247-6f57a5e5a5ab,dc713d96-0c0f-4195-817a-f08a1745d6d8,f143262f-dc5c-4eed-8da0-365bf89897b9
9ad2bb72-b04b-4584-b95c-ec2d7bd15655,Incidunt sed ea nemo numquam,Nostrum libero quas libero repellat sunt doloremque enim deserunt.,08/11/2025,2026-02-08,ABIERTO,29a3b2e9-5d65-4441-9588-42dea2bc372f,988c24c9-61b1-4d22-a280-1c4510435a10,405cacec-8774-49a9-b7d2-1e02ff01cf99
cbf6aa23-a01e-41f5-b702-beba0623ffbf,Qui dignissimos nostrum impedit,Ex nam odit accusamus dicta eligendi ratione.,2025-11-19,2026-02-02,EN_CURSO,366eb16f-508e-4ad7-b7c9-3acfe059a0ee,28f49481-a0a0-4dc4-a720-9bdf1c11f735,1d53434b-b881-49b9-ae27-0da702f06b90
52ecac27-8ccc-417e-81b6-69514cdf697f,Beatae ex id,Nulla adipisci cupiditate ex excepturi perferendis totam reiciendis officia laboriosam occaecati tempora modi ex quos.,01/02/2026,,CERRADO,e2acf72f-9e57-4f7a-a0ee-89aed453dd32,bf3c4c06-4343-48bc-89fa-6a688fb5d27b,1d53434b-b881-49b9-ae27-0da702f06b90
d5c97d5d-0e57-49ec-be1a-070fed83a4c8,Error quam et modi dignissimos placeat reiciendis,Architecto corrupti sapiente excepturi fugiat modi cumque non deleniti blanditiis quos est.,2026-03-14,2026-07-08,EN_CURSO,bdd640fb-0667-4ad1-9c80-317fa3b1799d,bf3c4c06-4343-48bc-89fa-6a688fb5d27b,1d53434b-b881-49b9-ae27-0da702f06b90
4580dac2-0818-4965-b5b8-135150830841,Assumenda soluta fuga repudiandae esse minima,Beatae quos quod totam ipsam ad laboriosam magnam deleniti.,2026-09-03,2027-01-23,EN_CURSO,43b7a3a6-9a8d-4a03-980d-7b71d8f56413,28f49481-a0a0-4dc4-a720-9bdf1c11f735,405cacec-8774-49a9-b7d2-1e02ff01cf99
860c7b68-dfb6-4a5f-bb81-41f07bc4d138,Quod corporis sit reprehenderit vel,Dignissimos alias harum sint blanditiis est aliquid sed sit.,2026-09-28,,ABIERTO,beb79919-3f22-4af8-a3be-d01d43cf2fde,dc713d96-0c0f-4195-817a-f08a1745d6d8,1d53434b-b881-49b9-ae27-0da702f06b90
1a64f27d-0bcf-40fc-a3a1-af9777852ddb,Quisquam quia ad quis odit distinctio dicta,Eius eum ipsam blanditiis corrupti earum accusamus numquam maiores dignissimos expedita.,11/02/2026,2026-04-02,CERRADO,b74d0fb1-32e7-4629-8fad-c1a606cb0fb3,bf3c4c06-4343-48bc-89fa-6a688fb5d27b,f143262f-dc5c-4eed-8da0-365bf89897b9
b4508610-f17a-47a9-a43d-116d4563abbe, Nemo cupiditate est tempora molestiae ,Consectetur iusto perferendis autem amet incidunt debitis.,05/02/2026,2026-06-12,ABIERTO,e27a984d-6548-41d0-bfcd-9eb1a7cad415,28f49481-a0a0-4dc4-a720-9bdf1c11f735,1d53434b-b881-49b9-ae27-0da702f06b90
d60f8680-a124-4db2-97be-df31e42aa836,Nulla est repellendus quae perferendis modi voluptate,Necessitatibus at rem praesentium atque est officia quisquam iusto veniam corporis tempore ducimus facilis.,2026-05-24,2026-07-11,ABIERTO,e2acf72f-9e57-4f7a-a0ee-89aed453dd32,28f49481-a0a0-4dc4-a720-9bdf1c11f735,1d53434b-b881-49b9-ae27-0da702f06b90
54905f79-aa49-46f4-aad1-d758b319f18d,Iste adipisci labore expedita itaque cupiditate,Non consectetur aut repellendus reiciendis eveniet officiis recusandae minus id impedit nulla.,15/12/2025,2026-04-15,ABIERTO,1a2a73ed-562b-4f79-8374-59eef50bea63,ff50bde4-3825-47b8-9cab-cc97663f1c97,1d53434b-b881-49b9-ae27-0da702f06b90
6241cba3-7b7c-47cc-b950-f7fa28b58db5,Exercitationem repellendus nihil quos,Necessitatibus exercitationem possimus cupiditate pariatur qui quae saepe beatae nisi eveniet atque ipsum.,05/05/2026,2026-08-21,CERRADO,0e51f30d-c6a7-4e39-84b0-32ccd7c524a5,dc713d96-0c0f-4195-817a-f08a1745d6d8,405cacec-8774-49a9-b7d2-1e02ff01cf99
9927839b-11d1-4e50-a7e2-189bf4b4c704,Placeat nisi reprehenderit eveniet,At repellendus suscipit temporibus odio a corporis corrupti.,2026-02-01,2026-01-17,EN_CURSO,e2acf72f-9e57-4f7a-a0ee-89aed453dd32,28f49481-a0a0-4dc4-a720-9bdf1c11f735,405cacec-8774-49a9-b7d2-1e02ff01cf99
93f3503d-9d96-432d-a3d5-e7504a9ff50e,Deserunt placeat et necessitatibus totam esse velit,Quaerat totam voluptatibus nesciunt nostrum magni sed sequi aperiam tempore voluptas a nam.,29/04/2026,2026-09-10,ABIERTO,c241330b-01a9-471f-9e8a-774bcf36d58b,7e570ddf-8270-40a8-a369-b584ff5e9ff0,1d53434b-b881-49b9-ae27-0da702f06b90
dd9d2e4d-483e-4d69-9c7a-bd161c153057,Doloremque praesentium hic,Quae illo ipsa distinctio cupiditate consequuntur nam sapiente facere impedit enim sit.,21/02/2026,2026-02-13,CERRADO,7412b293-4729-4739-a14f-f3d719db3ad0,956269f0-e5d7-4875-adad-d6c795a76d79,f143262f-dc5c-4eed-8da0-365bf89897b9
a5fcd671-125d-4206-82f8-65f8226001c6,Corporis suscipit omnis,,22/11/2025,2025-12-10,EN_CURSO,10f1bc81-448a-4a9e-a6b2-bc5b50c187fc,956269f0-e5d7-4875-adad-d6c795a76d79,f143262f-dc5c-4eed-8da0-365bf89897b9
5af56a23-627c-49f7-b336-3302d1f03374,Delectus non neque sed dolores,Earum unde nemo alias alias laboriosam fuga neque vitae aspernatur quas minima similique quibusdam.,07/05/2026,2026-08-24,CERRADO,ec1b8ca1-f91e-4d4c-9ff4-9b7889463e85,98ae4334-6c12-4ce8-ae34-0454cac5b68c,1d53434b-b881-49b9-ae27-0da702f06b90
85fab5ea-1407-4edb-8456-ce4f77061136,At iusto qui vero aspernatur odio reiciendis est,Temporibus modi ab iste temporibus nemo ex.,2026-01-21,2026-05-11,ABIERTO,43b7a3a6-9a8d-4a03-980d-7b71d8f56413,988c24c9-61b1-4d22-a280-1c4510435a10,405cacec-8774-49a9-b7d2-1e02ff01cf99
4b6c14e4-cc58-4b60-ba4e-8355f5e8a7e1,Cumque possimus nisi esse quos,Aperiam labore cumque amet voluptatibus repellat numquam enim assumenda magni sed.,2026-02-19,2026-08-11,CERRADO,a9488d99-0bbb-4599-91ce-5dd2b45ed1f0,7e570ddf-8270-40a8-a369-b584ff5e9ff0,1d53434b-b881-49b9-ae27-0da702f06b90
47edc6dd-9da4-4c0f-a1ee-0f6c408669bb,Similique accusamus beatae cupiditate nihil,Omnis fuga cupiditate quos doloremque debitis minima alias voluptates.,20/01/2026,2026-02-20,CERRADO,451b4cf3-6123-4df7-b656-af7229d4beef,dc713d96-0c0f-4195-817a-f08a1745d6d8,1d53434b-b881-49b9-ae27-0da702f06b90
277664d0-d25c-4d37-af16-d03b987593c3,Quidem impedit fugit optio quas cumque neque,,30/11/2025,,ABIERTO,47378190-96da-4dac-b2ff-5d2a386ecbe0,bf3c4c06-4343-48bc-89fa-6a688fb5d27b,405cacec-8774-49a9-b7d2-1e02ff01cf99
6f4abfcc-deca-4598-87cb-0e2a25288a1b,Enim reiciendis fugit,Vitae placeat aliquam ullam odit vero inventore ullam similique ex eaque atque.,2026-01-14,2026-04-16,EN_CURSO,6b65a6a4-8b81-48f6-b38a-088ca65ed389,956269f0-e5d7-4875-adad-d6c795a76d79,405cacec-8774-49a9-b7d2-1e02ff01cf99
c5ed3982-760b-4673-a422-a73e958c9cfd,Quasi nihil deserunt excepturi porro,Et ab ab architecto illum minima placeat expedita quam.,16/06/2026,2026-11-15,ABIERTO,29a3b2e9-5d65-4441-9588-42dea2bc372f,988c24c9-61b1-4d22-a280-1c4510435a10,f143262f-dc5c-4eed-8da0-365bf89897b9
9e90d107-0611-4bfe-88b6-f61d316da914, Animi nisi tempora dolor ,,10/01/2026,2026-06-12,EN_CURSO,e27a984d-6548-41d0-bfcd-9eb1a7cad415,ff50bde4-3825-47b8-9cab-cc97663f1c97,f143262f-dc5c-4eed-8da0-365bf89897b9
e744aa30-b135-4d67-ad4e-c8a4c4f4b844,Ducimus quos eius aperiam harum voluptatum,Veritatis eaque ipsam laudantium ut nostrum debitis laudantium corporis quisquam dolor.,20/01/2026,2026-03-01,EN_CURSO,beb79919-3f22-4af8-a3be-d01d43cf2fde,98ae4334-6c12-4ce8-ae34-0454cac5b68c,f143262f-dc5c-4eed-8da0-365bf89897b9
b72479b7-710b-4fa9-a9a0-c20d1b332e43,Aut asperiores necessitatibus dolorum ipsum,Corrupti odit ut optio eaque praesentium temporibus nemo maiores velit laudantium ipsa sapiente quos.,11/06/2026,2026-07-04,CERRADO,7412b293-4729-4739-a14f-f3d719db3ad0,7e570ddf-8270-40a8-a369-b584ff5e9ff0,f143262f-dc5c-4eed-8da0-365bf89897b9
00d8c046-39d1-4950-8a45-e02e11f20d9b,Veritatis repellendus laboriosam necessitatibus vel facere,Id odio vero at modi vero aspernatur itaque quisquam officia debitis.,06/08/2026,2026-12-12,ABIERTO,7412b293-4729-4739-a14f-f3d719db3ad0,956269f0-e5d7-4875-adad-d6c795a76d79,1d53434b-b881-49b9-ae27-0da702f06b90
30e59543-a925-4e85-a258-8ce9f7aeede8,Possimus tempore occaecati facere assumenda,Ipsa deleniti alias ad voluptatum dolores harum recusandae officia libero vitae repellat vitae accusamus excepturi excepturi.,2025-10-20,2026-02-06,CERRADO,ddd1dfb2-3b98-4ef8-9af6-1a26146d3f31,bf3c4c06-4343-48bc-89fa-6a688fb5d27b,f143262f-dc5c-4eed-8da0-365bf89897b9
36308a60-1e41-42bb-a7cf-5ce00af5e4a9,Itaque perspiciatis soluta corrupti neque unde alias,Laborum accusantium tenetur nulla doloribus officiis accusamus odio temporibus.,2026-07-12,2026-10-05,ABIERTO,6b65a6a4-8b81-48f6-b38a-088ca65ed389,988c24c9-61b1-4d22-a280-1c4510435a10,405cacec-8774-49a9-b7d2-1e02ff01cf99
9c794cdb-74c8-4361-98e8-24e9cb2fbbc3, Saepe aperiam repellendus beatae ,Reiciendis dolore rem incidunt repellat voluptatem perspiciatis eveniet voluptate nemo consequatur saepe recusandae quisquam nihil excepturi.,2026-08-19,2026-10-27,CERRADO,24933b83-7577-40a9-a491-f0b2ea1fca65,bf3c4c06-4343-48bc-89fa-6a688fb5d27b,405cacec-8774-49a9-b7d2-1e02ff01cf99
6a478ddf-c1ee-4d7a-a428-185a461de017,Possimus mollitia ipsa unde,Consequatur ratione odio fugiat culpa sunt aspernatur.,20/11/2025,2026-02-28,ABIERTO,47378190-96da-4dac-b2ff-5d2a386ecbe0,7e570ddf-8270-40a8-a369-b584ff5e9ff0,405cacec-8774-49a9-b7d2-1e02ff01cf99
b4ecfe8d-16d1-45ca-ad17-4fdd2dee003e,Suscipit impedit rem quo possimus dignissimos odit minima,Dolores cupiditate porro nisi quaerat nostrum at repudiandae error in nam deleniti voluptates.,07/10/2025,2026-03-12, Abierto ,e27a984d-6548-41d0-bfcd-9eb1a7cad415,7e570ddf-8270-40a8-a369-b584ff5e9ff0,405cacec-8774-49a9-b7d2-1e02ff01cf99
c2d94cc9-dcdb-414e-9ca5-90579e719a56,Magni iure occaecati dignissimos amet beatae corrupti,Libero cum ullam amet facilis distinctio dolorum nulla suscipit iste autem amet modi culpa.,11/11/2025,2026-02-18,ABIERTO,24933b83-7577-40a9-a491-f0b2ea1fca65,bf3c4c06-4343-48bc-89fa-6a688fb5d27b,f143262f-dc5c-4eed-8da0-365bf89897b9
1223d906-1db6-4101-83d0-bae77c2cfbcf,Quam nihil eveniet dicta perspiciatis,Dolorem beatae dolorem dolores impedit dicta tempora asperiores nesciunt amet ipsa dolor.,2025-10-16,2025-12-07,ABIERTO,10f1bc81-448a-4a9e-a6b2-bc5b50c187fc,dc713d96-0c0f-4195-817a-f08a1745d6d8,405cacec-8774-49a9-b7d2-1e02ff01cf99
5f9cb7e0-6328-443e-ad95-63ed747a4829,Itaque deserunt facere earum,Consectetur porro animi consequatur sequi itaque cupiditate exercitationem suscipit nobis ratione odit.,2026-05-29,2026-07-11,CERRADO,23b8c1e9-3924-46de-beb1-3b9046685257,ff50bde4-3825-47b8-9cab-cc97663f1c97,405cacec-8774-49a9-b7d2-1e02ff01cf99
f85ad287-93ff-445f-ab80-e44ae7d3f770,Sequi assumenda sequi laudantium voluptatum nihil saepe,Accusamus incidunt sit dolorum ipsa dolore unde veniam totam tempore in.,30/05/2026,2026-09-13,ABIERTO,e27a984d-6548-41d0-bfcd-9eb1a7cad415,28f49481-a0a0-4dc4-a720-9bdf1c11f735,405cacec-8774-49a9-b7d2-1e02ff01cf99
bbc51a50-787c-40d3-bdc4-19b20a414919,Alias minus laboriosam reiciendis reprehenderit iste dolores,Quidem possimus illum dolor facere dolores voluptatum accusamus pariatur cum itaque necessitatibus nesciunt voluptate iure.,22/10/2025,2025-12-20,EN_CURSO,972a8469-1641-4f82-8b9d-2434e465e150,ff50bde4-3825-47b8-9cab-cc97663f1c97,1d53434b-b881-49b9-ae27-0da702f06b90
2f589a81-67c5-429b-b400-a5e1dfcb821b,Occaecati provident a occaecati harum porro,Adipisci incidunt earum veniam molestiae recusandae ratione aspernatur sunt quasi amet veniam perferendis suscipit beatae.,27/11/2025,,CERRADO,6b65a6a4-8b81-48f6-b38a-088ca65ed389,956269f0-e5d7-4875-adad-d6c795a76d79,f143262f-dc5c-4eed-8da0-365bf89897b9
5d96120d-0a76-4d91-9e7f-87a777215daa,Cupiditate nam architecto quae dignissimos voluptatem,,2026-02-23,2026-07-02,EN_CURSO,0e51f30d-c6a7-4e39-84b0-32ccd7c524a5,956269f0-e5d7-4875-adad-d6c795a76d79,f143262f-dc5c-4eed-8da0-365bf89897b9
0df1172a-46f2-4f38-ac45-1540ae2356f3,Fuga iste magnam repudiandae,Quae perspiciatis minus eos numquam reiciendis veniam repellat velit aperiam tempora itaque aspernatur tempore.,18/04/2026,2026-09-08,ABIERTO,beb79919-3f22-4af8-a3be-d01d43cf2fde,bf3c4c06-4343-48bc-89fa-6a688fb5d27b,1d53434b-b881-49b9-ae27-0da702f06b90
1bff56f4-13b2-41ab-b4e5-80aaf5504c52,Eius possimus libero soluta,Veritatis ad impedit placeat ut labore in qui accusantium deleniti ad reiciendis rerum maxime excepturi.,2026-01-24,,EN_CURSO,451b4cf3-6123-4df7-b656-af7229d4beef,bf3c4c06-4343-48bc-89fa-6a688fb5d27b,405cacec-8774-49a9-b7d2-1e02ff01cf99
c96d525e-a563-4cf4-a7df-eb9257c13f7e, Laborum pariatur minus molestias itaque necessitatibus ,Cupiditate ea laborum voluptas quo aliquid explicabo iste cumque unde quae.,17/05/2026,2026-10-01,EN CURSO,a28defe3-9bf0-4273-9247-6f57a5e5a5ab,956269f0-e5d7-4875-adad-d6c795a76d79,f143262f-dc5c-4eed-8da0-365bf89897b9
d6de70c5-2ce4-499d-b924-08c32ea9ef6c,Cum blanditiis voluptatibus nemo,Ea delectus natus alias et exercitationem fuga molestiae cum error ullam illo libero.,2026-01-23,2026-05-31,ABIERTO,9a1de644-815e-46d1-bb8f-aa1837f8a88b,28f49481-a0a0-4dc4-a720-9bdf1c11f735,1d53434b-b881-49b9-ae27-0da702f06b90
51f9cd77-ed85-4a6d-b542-2851f2a24da4,A qui voluptate ex,Labore enim velit voluptatem nemo corporis natus tenetur ipsam porro quasi.,2025-11-30,2026-01-21,ABIERTO,47378190-96da-4dac-b2ff-5d2a386ecbe0,dc713d96-0c0f-4195-817a-f08a1745d6d8,1d53434b-b881-49b9-ae27-0da702f06b90
8d0bb6d7-ad91-4456-a3b1-3ebd0a42be3f, Est illo sapiente ipsum ,Eveniet non deserunt minima quos quisquam deserunt assumenda.,2026-09-19,2027-03-15,CERRADO,9132b63e-f162-47e4-a9c3-49e03602f8ac,28f49481-a0a0-4dc4-a720-9bdf1c11f735,f143262f-dc5c-4eed-8da0-365bf89897b9
f526d3b0-abeb-45d1-ad54-06bc72098a7b,Voluptate hic laudantium nobis,Velit tenetur facere corporis sequi fuga fuga eligendi expedita voluptate soluta assumenda quas ipsam voluptatibus.,2026-08-30,2027-02-13,CERRADO,e2acf72f-9e57-4f7a-a0ee-89aed453dd32,988c24c9-61b1-4d22-a280-1c4510435a10,1d53434b-b881-49b9-ae27-0da702f06b90
ce40924a-29ee-49f4-89e3-eb487147f758,Quas impedit saepe nisi corporis esse,Voluptates architecto vero quidem at illum totam impedit nam quae quidem consequatur delectus fugit mollitia.,2026-08-13,2027-01-29, En Curso ,b74d0fb1-32e7-4629-8fad-c1a606cb0fb3,956269f0-e5d7-4875-adad-d6c795a76d79,1d53434b-b881-49b9-ae27-0da702f06b90
d5a76023-4d4f-4814-9385-0240d2a2f839, Esse nam iure ad a ea veritatis rerum ,Commodi pariatur enim debitis tenetur officia adipisci quisquam laudantium voluptas nisi facere laboriosam ipsa.,2025-10-21,2026-03-26,CERRADO,5be6128e-18c2-4797-a142-ea7d17be3111,98ae4334-6c12-4ce8-ae34-0454cac5b68c,f143262f-dc5c-4eed-8da0-365bf89897b9
f9690579-79dd-4dd4-af97-fbd2a0c45942,Fuga quasi accusantium ea,Animi eum soluta consequatur cum earum in totam explicabo enim minus vel maiores quisquam delectus atque.,2026-01-13,2026-03-27,EN_CURSO,fc377a4c-4a15-444d-85e7-ce8a3a578a8e,988c24c9-61b1-4d22-a280-1c4510435a10,f143262f-dc5c-4eed-8da0-365bf89897b9
df586eff-5296-4cf3-8b30-bb4c2ac96b60,Repudiandae placeat error placeat porro atque,Expedita corporis consequatur eligendi quod illum ullam cum dolor magnam rerum recusandae nam porro veritatis sapiente.,2026-07-24,2026-11-22,CERRADO,b74d0fb1-32e7-4629-8fad-c1a606cb0fb3,28f49481-a0a0-4dc4-a720-9bdf1c11f735,f143262f-dc5c-4eed-8da0-365bf89897b9
cd75e6de-c19d-4186-b3c7-a1a88d15baef,Impedit totam blanditiis consectetur,,08/07/2026,2026-10-11,CERRADO,ec1b8ca1-f91e-4d4c-9ff4-9b7889463e85,28f49481-a0a0-4dc4-a720-9bdf1c11f735,405cacec-8774-49a9-b7d2-1e02ff01cf99
075cc8eb-4dff-49aa-b5bb-abce2c15c4ad,Dolore sequi consequuntur dolorem,Distinctio voluptatem incidunt quis beatae accusantium laborum inventore deserunt.,14/02/2026,2026-06-30,ABIERTO,9a1de644-815e-46d1-bb8f-aa1837f8a88b,956269f0-e5d7-4875-adad-d6c795a76d79,405cacec-8774-49a9-b7d2-1e02ff01cf99
97da64cb-8373-4f49-a8e7-ebe3cb05aa14,Iusto tenetur aliquam error,Quidem quos ullam dignissimos temporibus delectus expedita.,2025-10-17,2026-02-19,ABIERTO,7412b293-4729-4739-a14f-f3d719db3ad0,ff50bde4-3825-47b8-9cab-cc97663f1c97,1d53434b-b881-49b9-ae27-0da702f06b90
f11cc0a4-bf06-4520-988a-617b254338df,Veniam expedita cum magnam quas,Magnam architecto reprehenderit quis minus quaerat vitae cupiditate quidem a.,2025-11-09,2025-12-09, Cerrado ,9132b63e-f162-47e4-a9c3-49e03602f8ac,28f49481-a0a0-4dc4-a720-9bdf1c11f735,1d53434b-b881-49b9-ae27-0da702f06b90
eba46463-36c9-4657-ac9a-799e19437791,Sed labore praesentium delectus perferendis autem rerum,Incidunt maiores illum quis et iure maxime libero facere enim quam aspernatur.,2026-07-13,2026-08-28,EN_CURSO,ddd1dfb2-3b98-4ef8-9af6-1a26146d3f31,98ae4334-6c12-4ce8-ae34-0454cac5b68c,1d53434b-b881-49b9-ae27-0da702f06b90
74fa65ce-489a-427e-a281-03f01d9fff25,Quasi porro sapiente dolorem illum voluptates incidunt sequi,,14/04/2026,2026-05-12,en_curso,24933b83-7577-40a9-a491-f0b2ea1fca65,dc713d96-0c0f-4195-817a-f08a1745d6d8,f143262f-dc5c-4eed-8da0-365bf89897b9
32f75350-f9a7-42dc-9d1c-19061090dc9d,Dicta sapiente illo doloremque incidunt libero,Nisi quidem reiciendis velit explicabo pariatur veniam voluptates maiores corporis iste commodi laudantium doloremque velit adipisci.,09/12/2025,2026-01-19,CERRADO,0e51f30d-c6a7-4e39-84b0-32ccd7c524a5,7e570ddf-8270-40a8-a369-b584ff5e9ff0,405cacec-8774-49a9-b7d2-1e02ff01cf99
7f85c4e7-1177-4f21-948f-5ba30d87bc72,Voluptas fugit perspiciatis,Esse numquam quis optio maxime laudantium iure eos libero.,2026-07-18,2026-12-03,ABIERTO,b74d0fb1-32e7-4629-8fad-c1a606cb0fb3,28f49481-a0a0-4dc4-a720-9bdf1c11f735,1d53434b-b881-49b9-ae27-0da702f06b90
cf3a2f8d-57f7-41e3-8add-397642fc7edf,Molestias veritatis adipisci inventore totam fugit et,Ipsam alias debitis optio quod suscipit cum inventore est harum quisquam necessitatibus.,2026-04-19,2026-08-06,ABIERTO,4b0dbb41-8d52-48f1-942c-3fe860e7a113,7e570ddf-8270-40a8-a369-b584ff5e9ff0,f143262f-dc5c-4eed-8da0-365bf89897b9
8a159e92-af74-4e63-8dc4-c81fa8fae904,Iusto natus culpa animi ea nihil fugiat,Quisquam eligendi aperiam nihil consectetur facilis repellat nesciunt quisquam numquam fugit incidunt.,2026-04-13,2026-09-18,CERRADO,beb79919-3f22-4af8-a3be-d01d43cf2fde,bf3c4c06-4343-48bc-89fa-6a688fb5d27b,1d53434b-b881-49b9-ae27-0da702f06b90
a9470663-0e73-4523-99ec-c846697437ea, Dolorum officia nihil tenetur aperiam ,Beatae cumque modi alias omnis in maiores in accusantium iusto ad.,2026-02-20,,ABIERTO,371ecd7b-27cd-4130-8722-9389571aa876,dc713d96-0c0f-4195-817a-f08a1745d6d8,1d53434b-b881-49b9-ae27-0da702f06b90
528a34f3-63ea-40a1-9202-b09c60b36938,Atque laborum porro dignissimos libero repellat pariatur,Nostrum facilis ipsa libero sed ratione saepe modi enim.,04/02/2026,2026-05-09,EN_CURSO,ddd1dfb2-3b98-4ef8-9af6-1a26146d3f31,bf3c4c06-4343-48bc-89fa-6a688fb5d27b,405cacec-8774-49a9-b7d2-1e02ff01cf99
66eb43b0-92d2-408e-bf08-c7394c1d2e43,Numquam vero quaerat neque nihil,Architecto reiciendis labore distinctio recusandae officiis error rem inventore molestiae dicta.,2025-10-23,2025-12-13,CERRADO,ab9099a4-35a2-40ae-9af3-05535ec42e08,956269f0-e5d7-4875-adad-d6c795a76d79,405cacec-8774-49a9-b7d2-1e02ff01cf99
7406ca32-83ef-4ce9-9ffd-a1e74052e3a5,Debitis accusantium provident sint nemo distinctio vitae,Eaque odit repellat sequi tenetur vel quas animi dicta iure dolores quia quisquam sapiente.,2026-03-10,2026-09-03,ABIERTO,9a1de644-815e-46d1-bb8f-aa1837f8a88b,7e570ddf-8270-40a8-a369-b584ff5e9ff0,f143262f-dc5c-4eed-8da0-365bf89897b9
e94053af-d488-4dff-9c35-25775193412d,Odio sapiente eaque enim,Ducimus nobis illo beatae deleniti doloribus repudiandae iure nam.,13/03/2026,2026-03-12,EN_CURSO,fc377a4c-4a15-444d-85e7-ce8a3a578a8e,ff50bde4-3825-47b8-9cab-cc97663f1c97,f143262f-dc5c-4eed-8da0-365bf89897b9
097913a0-e7d9-4c1b-a59c-aeed6c097204,Cum consequatur ea rem omnis,Officia aliquam quam quos animi tempore et error aperiam.,23/03/2026,2026-06-25,cerrado,a9488d99-0bbb-4599-91ce-5dd2b45ed1f0,956269f0-e5d7-4875-adad-d6c795a76d79,405cacec-8774-49a9-b7d2-1e02ff01cf99
a84d5f25-abf2-4369-9d0a-06d3e592ee7c,Id saepe sapiente doloremque,Quasi ut maxime repudiandae veniam ut dolorum sunt dolores commodi rem eveniet nesciunt harum quibusdam.,2026-03-12,2026-05-05,ABIERTO,beb79919-3f22-4af8-a3be-d01d43cf2fde,bf3c4c06-4343-48bc-89fa-6a688fb5d27b,1d53434b-b881-49b9-ae27-0da702f06b90
24ef65a7-37cf-45ca-ac41-2493ef7cef26, Cupiditate voluptas ipsa ducimus ,Animi modi praesentium beatae molestias labore doloribus eius quos corporis labore facilis est officia temporibus alias.,04/01/2026,2026-02-08,EN_CURSO,3eabedcb-baa8-4dd4-88bd-64072bcfbe01,98ae4334-6c12-4ce8-ae34-0454cac5b68c,f143262f-dc5c-4eed-8da0-365bf89897b9
0dff01ba-f0db-4ecb-8c87-6b1ca987799b, Ducimus harum odit praesentium temporibus ,Modi dolores ipsam ab vero unde ullam error vel.,2026-07-19,2027-01-05,EN_CURSO,aefcfad8-efc8-4849-b3aa-7efe4458a885,dc713d96-0c0f-4195-817a-f08a1745d6d8,405cacec-8774-49a9-b7d2-1e02ff01cf99
dc02bc29-35db-4396-8c23-e8443c4722f3,Totam occaecati sunt quisquam,Ratione earum aspernatur quod laudantium qui unde ex in ullam aut cum ea.,2026-07-25,2026-12-18,ABIERTO,ddd1dfb2-3b98-4ef8-9af6-1a26146d3f31,98ae4334-6c12-4ce8-ae34-0454cac5b68c,405cacec-8774-49a9-b7d2-1e02ff01cf99
baaeebf8-9a24-4525-abbe-2bd65a1341e7, Qui iste ad amet odit occaecati ratione ,A dicta esse nemo beatae dolorum quae quisquam officiis.,30/10/2025,,CERRADO,e27a984d-6548-41d0-bfcd-9eb1a7cad415,988c24c9-61b1-4d22-a280-1c4510435a10,1d53434b-b881-49b9-ae27-0da702f06b90
690a7b80-af8d-488d-9811-70c1d8d2660e,Iste sit consequatur cupiditate nihil eveniet,Dicta impedit delectus soluta velit sunt dolore veniam unde officia occaecati.,2025-11-24,2026-02-25,ABIERTO,43b7a3a6-9a8d-4a03-980d-7b71d8f56413,98ae4334-6c12-4ce8-ae34-0454cac5b68c,1d53434b-b881-49b9-ae27-0da702f06b90
32c192f1-7661-4a3b-b960-6ca316c72b1a,Praesentium cumque id inventore ea,Vero cumque necessitatibus accusamus minima quo unde repudiandae.,2026-09-22,2026-10-21,ABIERTO,5be6128e-18c2-4797-a142-ea7d17be3111,dc713d96-0c0f-4195-817a-f08a1745d6d8,405cacec-8774-49a9-b7d2-1e02ff01cf99
340155bd-b6ac-4c8e-b977-c7b41e56d346,Veniam repellendus eaque quia fugit,Sequi nobis voluptatum eligendi perspiciatis in illum corporis enim ea nulla tenetur fuga.,2026-04-14,2026-06-03,en_curso,e2acf72f-9e57-4f7a-a0ee-89aed453dd32,28f49481-a0a0-4dc4-a720-9bdf1c11f735,405cacec-8774-49a9-b7d2-1e02ff01cf99
02a458e1-15f2-485a-b54a-3e48a5b13afd,Consequatur eum possimus porro quae provident quasi,Asperiores nam amet ut iusto explicabo non perferendis rem quae repellat.,27/06/2026,2026-07-13,EN_CURSO,a28defe3-9bf0-4273-9247-6f57a5e5a5ab,ff50bde4-3825-47b8-9cab-cc97663f1c97,405cacec-8774-49a9-b7d2-1e02ff01cf99
618521ab-9ea1-4617-8129-aa0c40efa857, Voluptate perferendis consequatur tempora aliquam ,Ea magnam ut soluta consequatur et minus consequuntur blanditiis.,07/10/2025,2026-01-27,CERRADO,43b7a3a6-9a8d-4a03-980d-7b71d8f56413,28f49481-a0a0-4dc4-a720-9bdf1c11f735,405cacec-8774-49a9-b7d2-1e02ff01cf99
df266424-7fcc-4456-a0bc-2fa0fa801062,Quibusdam unde eligendi soluta nostrum,Maxime ipsa cumque qui laudantium veniam nam ullam odio ipsam deleniti.,22/10/2025,2026-02-15,CERRADO,bd9c66b3-ad3c-4d6d-9a3d-1fa7bc8960a9,98ae4334-6c12-4ce8-ae34-0454cac5b68c,405cacec-8774-49a9-b7d2-1e02ff01cf99
7862246c-092e-44b7-aee2-59893ad82406, Cum iusto blanditiis tempora libero ,Explicabo quae laborum laudantium sapiente sint commodi atque sit debitis cumque magni earum.,26/10/2025,2026-03-07,ABIERTO,a9488d99-0bbb-4599-91ce-5dd2b45ed1f0,98ae4334-6c12-4ce8-ae34-0454cac5b68c,1d53434b-b881-49b9-ae27-0da702f06b90
95635c97-365f-482b-95ee-f45ca9c3640d,Minima necessitatibus impedit,Doloribus libero atque eveniet eligendi voluptatem commodi fuga.,2026-09-15,2027-01-11,CERRADO,aefcfad8-efc8-4849-b3aa-7efe4458a885,dc713d96-0c0f-4195-817a-f08a1745d6d8,405cacec-8774-49a9-b7d2-1e02ff01cf99
52d36897-d644-4365-9b27-65f6f38324f7,Adipisci itaque provident laboriosam,Veritatis nisi ab voluptas omnis veritatis eveniet quasi quasi vero necessitatibus distinctio aliquid officia eum animi.,30/09/2026,2027-01-26,ABIERTO,a9488d99-0bbb-4599-91ce-5dd2b45ed1f0,ff50bde4-3825-47b8-9cab-cc97663f1c97,1d53434b-b881-49b9-ae27-0da702f06b90
61a2d612-9a2f-4701-b3af-bb098c126e0e,Id debitis vitae sint,Accusantium dignissimos harum illo officia veritatis culpa error.,2025-11-01,2026-03-13,CERRADO,7412b293-4729-4739-a14f-f3d719db3ad0,956269f0-e5d7-4875-adad-d6c795a76d79,f143262f-dc5c-4eed-8da0-365bf89897b9
ebf484d0-ce6d-49bf-bc63-3d6c6eaf0a90,Temporibus nobis facere atque facilis,Laudantium suscipit labore natus in quidem repellat nostrum ipsa incidunt.,12/08/2026,2026-09-23,ABIERTO,a28defe3-9bf0-4273-9247-6f57a5e5a5ab,98ae4334-6c12-4ce8-ae34-0454cac5b68c,1d53434b-b881-49b9-ae27-0da702f06b90
76a990f1-f928-4706-977c-9717836a5887, Officia quae ut minima officia ,Enim ipsa tenetur labore corrupti consectetur temporibus sapiente.,20/10/2025,2025-11-24,EN_CURSO,3139d32c-93cd-49bf-9c94-1cf0dc98d2c1,28f49481-a0a0-4dc4-a720-9bdf1c11f735,405cacec-8774-49a9-b7d2-1e02ff01cf99
0c37eb80-918b-4e18-8ba4-af256d7fd4e2,Asperiores aliquid autem incidunt atque optio necessitatibus,Explicabo nesciunt quisquam accusamus qui iure ratione sapiente aliquid impedit provident.,26/04/2026,2026-08-04,ABIERTO,17fc695a-07a0-4a6e-8822-e8f36c031199,956269f0-e5d7-4875-adad-d6c795a76d79,1d53434b-b881-49b9-ae27-0da702f06b90
c1e1f813-747a-4231-b95e-44e3965349ee,Numquam eaque vitae sit deleniti delectus quia,Ea perferendis inventore accusantium hic accusamus omnis itaque illo omnis quia quas esse repellat nulla porro.,2026-02-03,2026-06-28,ABIERTO,ddd1dfb2-3b98-4ef8-9af6-1a26146d3f31,28f49481-a0a0-4dc4-a720-9bdf1c11f735,1d53434b-b881-49b9-ae27-0da702f06b90
4d7ae829-cdfc-4f75-a51e-89f1acd380ef, Commodi accusamus beatae accusamus ,Similique distinctio officiis officiis ipsa numquam ratione deleniti error iure.,30/06/2026,2026-12-27,ABIERTO,759cde66-bacf-43d0-8b1f-9163ce9ff57f,956269f0-e5d7-4875-adad-d6c795a76d79,405cacec-8774-49a9-b7d2-1e02ff01cf99
2a85e3b1-1dd0-4ecd-8595-c9a36c0046f0, Qui ipsum laborum accusantium ,Nesciunt dicta necessitatibus rerum amet ab occaecati quae voluptatem sed qui nisi mollitia enim.,2026-04-07,2026-06-26,ABIERTO,371ecd7b-27cd-4130-8722-9389571aa876,ff50bde4-3825-47b8-9cab-cc97663f1c97,1d53434b-b881-49b9-ae27-0da702f06b90
974e598d-836b-47c3-bc71-1cc8665173fa,Vel temporibus sint doloremque aperiam accusantium nemo mollitia,Tempora impedit labore libero vel expedita possimus accusantium enim deleniti exercitationem.,2026-04-12,2026-05-16,ABIERTO,5304317f-af42-412f-b838-b3268e944239,988c24c9-61b1-4d22-a280-1c4510435a10,1d53434b-b881-49b9-ae27-0da702f06b90
e8b8d252-9670-4d19-b83e-69a481f46dfd,Ullam sequi quaerat iusto sunt quam,Vero rerum perferendis quasi recusandae reiciendis sapiente numquam eligendi quibusdam pariatur consectetur dicta.,2026-01-03,2026-06-15,EN_CURSO,366eb16f-508e-4ad7-b7c9-3acfe059a0ee,28f49481-a0a0-4dc4-a720-9bdf1c11f735,1d53434b-b881-49b9-ae27-0da702f06b90
6a7df379-cb21-4a80-99d4-d39a7dffe27d,Esse distinctio aliquid accusantium sunt explicabo culpa,Adipisci aperiam inventore nulla blanditiis dolore ducimus excepturi explicabo aliquid soluta eaque corrupti porro.,2026-05-28,2026-08-31,ABIERTO,3eabedcb-baa8-4dd4-88bd-64072bcfbe01,956269f0-e5d7-4875-adad-d6c795a76d79,f143262f-dc5c-4eed-8da0-365bf89897b9
b4d6f3e6-1aa9-4d26-ab63-6d669ab2b735,Unde ipsa itaque,Voluptate quos non similique aut natus magni cumque.,2026-04-23,2026-08-29,CERRADO,3139d32c-93cd-49bf-9c94-1cf0dc98d2c1,dc713d96-0c0f-4195-817a-f08a1745d6d8,1d53434b-b881-49b9-ae27-0da702f06b90
5c94563a-e936-4d1b-b494-3114def14d58,Quas provident quis libero,Culpa facilis reprehenderit commodi dicta voluptas quisquam ab.,19/11/2025,,EN_CURSO,0e51f30d-c6a7-4e39-84b0-32ccd7c524a5,956269f0-e5d7-4875-adad-d6c795a76d79,f143262f-dc5c-4eed-8da0-365bf89897b9
4968fdf2-5760-4094-b942-000acf242413,Cupiditate eaque quaerat impedit occaecati doloribus quidem,In dolorem reiciendis impedit illum itaque sequi recusandae facere adipisci corporis ab rem velit assumenda.,2026-08-25,2027-01-05,EN_CURSO,bd9c66b3-ad3c-4d6d-9a3d-1fa7bc8960a9,bf3c4c06-4343-48bc-89fa-6a688fb5d27b,f143262f-dc5c-4eed-8da0-365bf89897b9
2a112eab-c5ba-46af-bb60-be1c66d29752, Aperiam quis optio odit temporibus animi ,Voluptatem reiciendis soluta voluptate in suscipit praesentium sit quam et exercitationem repudiandae tempore nostrum corporis illo.,2026-02-04,2026-05-03,ABIERTO,9a1de644-815e-46d1-bb8f-aa1837f8a88b,98ae4334-6c12-4ce8-ae34-0454cac5b68c,f143262f-dc5c-4eed-8da0-365bf89897b9
9fd60922-8b5f-44aa-a338-6d523483a23b,Officiis possimus suscipit quos illo deserunt error alias,Harum quaerat sunt maxime molestiae distinctio maiores est exercitationem odio ad tempora.,2026-06-12,2026-05-28,CERRADO,bd9c66b3-ad3c-4d6d-9a3d-1fa7bc8960a9,988c24c9-61b1-4d22-a280-1c4510435a10,1d53434b-b881-49b9-ae27-0da702f06b90
d50cf57e-3dc8-419c-8239-850b97ae50f0,Quas voluptates beatae animi fuga,Magni commodi quidem velit ipsum nemo a excepturi doloremque quia neque quaerat vel pariatur sapiente doloremque.,02/05/2026,2026-07-04,EN_CURSO,24933b83-7577-40a9-a491-f0b2ea1fca65,988c24c9-61b1-4d22-a280-1c4510435a10,1d53434b-b881-49b9-ae27-0da702f06b90
d0a90840-c8e7-42f6-aabb-6cac48d75165,Perferendis quaerat maxime dolorum eveniet neque reprehenderit,Iste corporis incidunt illum at incidunt consectetur dolor aspernatur perspiciatis illo nam.,29/01/2026,2026-01-11,ABIERTO,3eabedcb-baa8-4dd4-88bd-64072bcfbe01,956269f0-e5d7-4875-adad-d6c795a76d79,f143262f-dc5c-4eed-8da0-365bf89897b9
9594eea8-4381-4e47-9f3c-5c8a651076d6,Odio voluptatum porro veniam quasi impedit cum,Consectetur quae consectetur provident sint blanditiis distinctio labore quia velit fuga veritatis nobis illum.,2026-08-03,2026-09-08,CERRADO,371ecd7b-27cd-4130-8722-9389571aa876,bf3c4c06-4343-48bc-89fa-6a688fb5d27b,405cacec-8774-49a9-b7d2-1e02ff01cf99
0a4fee3b-4a22-4ba5-925f-2cc65e9d2f8a,Corrupti fuga voluptatibus esse laborum ratione consequuntur,In vel esse eligendi delectus qui a molestias architecto aliquid laboriosam est iste excepturi fugiat rerum.,2025-11-20,2026-03-27,EN_CURSO,ce177b4e-0837-48a3-9261-a7ab3aa2e4f9,ff50bde4-3825-47b8-9cab-cc97663f1c97,f143262f-dc5c-4eed-8da0-365bf89897b9
2376324f-c30f-4c69-a1ff-cf729b0fcaa7,Odio quis pariatur corrupti quas at numquam,Illum doloremque hic molestiae vero suscipit quasi officia sint provident nemo recusandae provident natus commodi nam.,2026-08-24,2026-12-12,EN CURSO,29a3b2e9-5d65-4441-9588-42dea2bc372f,98ae4334-6c12-4ce8-ae34-0454cac5b68c,f143262f-dc5c-4eed-8da0-365bf89897b9
93acceb8-8ab5-4799-9e63-638cf485e944,Vero maxime quibusdam,Tempore blanditiis vel debitis accusantium ratione doloribus provident suscipit ipsam rem non illo aliquid.,18/12/2025,2026-06-04,ABIERTO,fc377a4c-4a15-444d-85e7-ce8a3a578a8e,956269f0-e5d7-4875-adad-d6c795a76d79,f143262f-dc5c-4eed-8da0-365bf89897b9
6fe05fa2-5707-4494-85f4-949bef10b6cc,Impedit similique et ducimus,Voluptatem molestiae eligendi delectus quisquam culpa veritatis perspiciatis.,2026-09-04,2026-10-13,CERRADO,29a3b2e9-5d65-4441-9588-42dea2bc372f,dc713d96-0c0f-4195-817a-f08a1745d6d8,f143262f-dc5c-4eed-8da0-365bf89897b9
2e740569-5346-405c-b60c-2dd39d4e42f2,Quae error atque,Impedit eveniet fugiat repudiandae commodi dicta quibusdam nesciunt laudantium.,2025-10-27,2026-04-14,abierto,fc377a4c-4a15-444d-85e7-ce8a3a578a8e,956269f0-e5d7-4875-adad-d6c795a76d79,1d53434b-b881-49b9-ae27-0da702f06b90
1d75f901-f309-406e-a292-8cdc8121c051,Aperiam iure illum laborum illum,Totam accusantium mollitia nesciunt aut quis officiis commodi necessitatibus ipsum.,2026-07-24,2026-09-13,en_curso,3139d32c-93cd-49bf-9c94-1cf0dc98d2c1,98ae4334-6c12-4ce8-ae34-0454cac5b68c,405cacec-8774-49a9-b7d2-1e02ff01cf99
c86aed73-3415-4076-801c-5617a2c3b917,Fuga voluptates quos modi,Vero nam aliquam repellat vero nulla officiis cumque animi ullam earum dolorum perspiciatis.,29/08/2026,2027-02-12,CERRADO,9a1de644-815e-46d1-bb8f-aa1837f8a88b,dc713d96-0c0f-4195-817a-f08a1745d6d8,1d53434b-b881-49b9-ae27-0da702f06b90
95ccfda2-3677-4e04-a1d8-507bd7aa0f83,Eligendi cum modi architecto at praesentium rerum,Voluptatum soluta distinctio magnam reiciendis sunt veniam odio voluptatem provident earum optio eum distinctio vero.,2026-02-18,2026-06-09,CERRADO,fc377a4c-4a15-444d-85e7-ce8a3a578a8e,ff50bde4-3825-47b8-9cab-cc97663f1c97,1d53434b-b881-49b9-ae27-0da702f06b90
223bd9be-b11c-420e-a9fd-197204105bd1, Non a ab ,Impedit tempora provident quis modi ratione officiis aspernatur adipisci.,09/02/2026,2026-07-08,ABIERTO,a28defe3-9bf0-4273-9247-6f57a5e5a5ab,28f49481-a0a0-4dc4-a720-9bdf1c11f735,405cacec-8774-49a9-b7d2-1e02ff01cf99
ac184ef9-71f7-4add-abee-d5b2d0e915d4,Explicabo repellat repudiandae facere,Saepe repellat voluptates commodi fuga deserunt ab quia quis.,2026-08-24,2026-12-09,EN_CURSO,371ecd7b-27cd-4130-8722-9389571aa876,7e570ddf-8270-40a8-a369-b584ff5e9ff0,f143262f-dc5c-4eed-8da0-365bf89897b9
3106e8ce-5b9a-489a-b58d-fc59ebe0c8c1,Repellendus numquam repellat dolore,Voluptas alias laudantium provident non ab voluptates odit beatae eius magnam cupiditate deserunt qui.,2026-06-26,,ABIERTO,43b7a3a6-9a8d-4a03-980d-7b71d8f56413,ff50bde4-3825-47b8-9cab-cc97663f1c97,405cacec-8774-49a9-b7d2-1e02ff01cf99
2cef7557-90ad-47c6-9a5c-68adaeb0b110,Nihil quia consectetur ut,Sunt quas earum sed ad voluptas perspiciatis nostrum perspiciatis sunt.,2026-06-23,2026-07-27,EN_CURSO,b74d0fb1-32e7-4629-8fad-c1a606cb0fb3,bf3c4c06-4343-48bc-89fa-6a688fb5d27b,1d53434b-b881-49b9-ae27-0da702f06b90
ac504475-a416-4dd1-ad57-5fd1f019955f,Sequi eum sapiente,Earum perspiciatis iure facere quis sunt dolore eius in ipsum a deserunt aspernatur.,2025-10-05,2026-01-14,CERRADO,47378190-96da-4dac-b2ff-5d2a386ecbe0,98ae4334-6c12-4ce8-ae34-0454cac5b68c,405cacec-8774-49a9-b7d2-1e02ff01cf99
bcc9245c-fd81-4bc0-867e-c672cec3a6f4,Voluptatem incidunt asperiores dolorum cum,Aperiam numquam adipisci inventore ad reiciendis vel saepe doloribus labore vero.,2026-05-15,2026-07-10,ABIERTO,beb79919-3f22-4af8-a3be-d01d43cf2fde,ff50bde4-3825-47b8-9cab-cc97663f1c97,1d53434b-b881-49b9-ae27-0da702f06b90
85096c78-5566-4d8e-9256-97ad0def4fd0,Velit quod nulla quisquam numquam,,2026-08-24,2026-12-29,ABIERTO,aefcfad8-efc8-4849-b3aa-7efe4458a885,28f49481-a0a0-4dc4-a720-9bdf1c11f735,1d53434b-b881-49b9-ae27-0da702f06b90
693e5fcf-c080-4ba4-9e07-809d188854db,Sint ratione numquam iste iure,,09/03/2026,2026-05-23,EN_CURSO,beb79919-3f22-4af8-a3be-d01d43cf2fde,dc713d96-0c0f-4195-817a-f08a1745d6d8,1d53434b-b881-49b9-ae27-0da702f06b90
419bf74e-8247-43c3-a32a-4516204054fb,In quam ipsam doloribus reiciendis aperiam,Nesciunt maiores officiis facere nesciunt molestiae corporis iusto nobis enim voluptas.,15/05/2026,2026-09-21,ABIERTO,10f1bc81-448a-4a9e-a6b2-bc5b50c187fc,7e570ddf-8270-40a8-a369-b584ff5e9ff0,f143262f-dc5c-4eed-8da0-365bf89897b9
250487e4-ada5-47e3-a85d-81db9620ed14,Dolores reprehenderit nam amet,Deserunt dicta tenetur quos exercitationem pariatur possimus voluptatem nobis ex neque vitae.,2026-04-24,,ABIERTO,7412b293-4729-4739-a14f-f3d719db3ad0,988c24c9-61b1-4d22-a280-1c4510435a10,f143262f-dc5c-4eed-8da0-365bf89897b9
298b2e78-5420-40ce-ab2f-9d474cb4a7f6,Iste ratione aliquam dolor,Odit possimus iure distinctio laboriosam quisquam repellendus.,2026-06-01,2026-08-27,EN_CURSO,0e51f30d-c6a7-4e39-84b0-32ccd7c524a5,98ae4334-6c12-4ce8-ae34-0454cac5b68c,405cacec-8774-49a9-b7d2-1e02ff01cf99
667ae277-348f-4ce0-a03b-c183bd75f95c,Repudiandae ab ab facere,Beatae enim deserunt nesciunt quisquam aliquam adipisci dicta cupiditate suscipit quaerat excepturi mollitia debitis accusantium.,14/08/2026,,CERRADO,47378190-96da-4dac-b2ff-5d2a386ecbe0,dc713d96-0c0f-4195-817a-f08a1745d6d8,405cacec-8774-49a9-b7d2-1e02ff01cf99
055fd8d1-19e7-4a3d-a920-4a24430493f0,Fugiat ratione beatae vel,Itaque fuga fuga cupiditate minima reiciendis numquam inventore quae blanditiis sunt.,2026-08-28,2027-02-23,EN_CURSO,7412b293-4729-4739-a14f-f3d719db3ad0,956269f0-e5d7-4875-adad-d6c795a76d79,1d53434b-b881-49b9-ae27-0da702f06b90
8855817d-3112-4678-b08c-523dcb7e717c,Possimus et inventore odio ullam quis,Deleniti modi ratione eveniet amet recusandae sit sed voluptas suscipit distinctio aspernatur iusto optio aperiam magni.,24/11/2025,2026-04-20,ABIERTO,e2acf72f-9e57-4f7a-a0ee-89aed453dd32,956269f0-e5d7-4875-adad-d6c795a76d79,405cacec-8774-49a9-b7d2-1e02ff01cf99
82583678-c04a-4761-a523-68e3e1e669e5,Libero iure eum fugiat possimus quaerat,Labore neque odit ratione officiis dignissimos tempora iste doloremque dolor incidunt fugiat culpa sapiente.,23/07/2026,2026-10-15,EN_CURSO,0e51f30d-c6a7-4e39-84b0-32ccd7c524a5,ff50bde4-3825-47b8-9cab-cc97663f1c97,f143262f-dc5c-4eed-8da0-365bf89897b9
c06a5949-2263-48ab-95b2-c2b48cf0f97b,Eos maxime dolorem aliquam,,11/01/2026,2026-02-18,ABIERTO,3eabedcb-baa8-4dd4-88bd-64072bcfbe01,28f49481-a0a0-4dc4-a720-9bdf1c11f735,405cacec-8774-49a9-b7d2-1e02ff01cf99
193156f5-3a4d-45fd-ad36-0bb746c3c90c,Architecto alias dicta deserunt,,06/08/2026,2026-12-05,ABIERTO,ab9099a4-35a2-40ae-9af3-05535ec42e08,28f49481-a0a0-4dc4-a720-9bdf1c11f735,405cacec-8774-49a9-b7d2-1e02ff01cf99
ff310f21-c87b-47d9-98bc-e5e4d282d54d,Veniam reprehenderit quidem accusamus omnis voluptatibus,Sint dolorem quam distinctio doloremque nesciunt mollitia iusto repellendus.,22/01/2026,2026-05-15,ABIERTO,7412b293-4729-4739-a14f-f3d719db3ad0,7e570ddf-8270-40a8-a369-b584ff5e9ff0,405cacec-8774-49a9-b7d2-1e02ff01cf99
d8867545-5025-4c18-95fb-f5dccabaef3c,Inventore velit in ipsa sequi,Fugiat neque consectetur velit ab repellat rerum.,14/02/2026,2026-05-21,ABIERTO,fc377a4c-4a15-444d-85e7-ce8a3a578a8e,ff50bde4-3825-47b8-9cab-cc97663f1c97,405cacec-8774-49a9-b7d2-1e02ff01cf99
af8e26b2-6cfb-4173-ab4d-3d1a39b9c13a, Quis porro error nesciunt necessitatibus adipisci ,Corrupti veritatis ex occaecati nobis non sint voluptatem dignissimos.,2026-02-13,2026-03-09,EN_CURSO,b02b61c4-a3d7-4628-ace6-6fa2fd5166e6,ff50bde4-3825-47b8-9cab-cc97663f1c97,1d53434b-b881-49b9-ae27-0da702f06b90
3036f6b9-62ed-4403-88d4-5ff4104f3fc5, Autem necessitatibus iste tempora at aut mollitia ,Repudiandae nobis ad dicta tenetur harum dignissimos.,05/03/2026,2026-07-18,EN_CURSO,beb79919-3f22-4af8-a3be-d01d43cf2fde,bf3c4c06-4343-48bc-89fa-6a688fb5d27b,405cacec-8774-49a9-b7d2-1e02ff01cf99
7464d6f2-11ea-4c00-863e-cbe2a8d99292, Fuga accusamus eveniet tenetur ,Culpa beatae modi laboriosam architecto veritatis sint consectetur dignissimos inventore quae labore nobis.,2026-01-26,2026-02-14,EN_CURSO,5be6128e-18c2-4797-a142-ea7d17be3111,ff50bde4-3825-47b8-9cab-cc97663f1c97,1d53434b-b881-49b9-ae27-0da702f06b90
80a233e3-33f6-4730-9665-df7c4f70b88b,Eius ab consequuntur aperiam id rem minima,Sunt itaque nemo qui enim sunt itaque praesentium quae error nostrum repellat cupiditate dolorum tempore.,2026-10-04,2027-03-23,CERRADO,a28defe3-9bf0-4273-9247-6f57a5e5a5ab,956269f0-e5d7-4875-adad-d6c795a76d79,f143262f-dc5c-4eed-8da0-365bf89897b9
e92c5b92-6279-47a3-b534-39c06e9c92ba,Praesentium atque praesentium aliquam,Earum occaecati eos totam praesentium quam dolor laudantium voluptatibus.,2026-07-16,2026-09-29,EN_CURSO,6b65a6a4-8b81-48f6-b38a-088ca65ed389,bf3c4c06-4343-48bc-89fa-6a688fb5d27b,405cacec-8774-49a9-b7d2-1e02ff01cf99
1397b542-5e65-4990-becd-0ded1f08f855,Magnam quod illum cumque,Magni iure asperiores possimus quibusdam fugit quia sequi id ab.,07/05/2026,2026-09-06,CERRADO,beb79919-3f22-4af8-a3be-d01d43cf2fde,988c24c9-61b1-4d22-a280-1c4510435a10,405cacec-8774-49a9-b7d2-1e02ff01cf99
53bd8128-22f0-4403-aac9-7d37b5878d33,Laborum architecto molestias doloribus veniam consequuntur reprehenderit,Cupiditate accusantium aut eos modi hic aspernatur quis perspiciatis.,2025-11-18,2025-12-31,EN_CURSO,24933b83-7577-40a9-a491-f0b2ea1fca65,bf3c4c06-4343-48bc-89fa-6a688fb5d27b,1d53434b-b881-49b9-ae27-0da702f06b90
3777d823-2d8d-4db8-9bab-96cc70cef646,Tempora minus ipsam,Saepe repellat odit quaerat tempore hic est.,2025-12-03,2026-04-28,CERRADO,759cde66-bacf-43d0-8b1f-9163ce9ff57f,ff50bde4-3825-47b8-9cab-cc97663f1c97,f143262f-dc5c-4eed-8da0-365bf89897b9
c5bca449-0c75-4a17-8131-c6019923fc7a,Quisquam ut fugiat dolores at in,Excepturi deleniti pariatur dolore sunt reiciendis rerum.,2025-10-25,2026-02-26,ABIERTO,beb79919-3f22-4af8-a3be-d01d43cf2fde,28f49481-a0a0-4dc4-a720-9bdf1c11f735,405cacec-8774-49a9-b7d2-1e02ff01cf99
6a6a0149-0b44-476d-aac3-9be9b958d153,Autem eveniet natus deleniti dignissimos molestiae vel,Doloremque autem eum accusamus omnis accusamus distinctio dolore omnis.,09/12/2025,2026-05-19,EN_CURSO,371ecd7b-27cd-4130-8722-9389571aa876,956269f0-e5d7-4875-adad-d6c795a76d79,1d53434b-b881-49b9-ae27-0da702f06b90
0b3f953a-5e75-488f-9fb8-86b2a662cb92,Suscipit illum quisquam libero,Quae recusandae ullam necessitatibus dolorum atque eveniet occaecati.,21/01/2026,2026-05-08,ABIERTO,ce177b4e-0837-48a3-9261-a7ab3aa2e4f9,bf3c4c06-4343-48bc-89fa-6a688fb5d27b,f143262f-dc5c-4eed-8da0-365bf89897b9
c57ae3ff-f8ed-48ae-acaf-8800ad8ae364,Ex odio sunt et,Architecto accusantium totam ipsum maiores quia magnam provident accusamus accusantium quis commodi dolores incidunt.,04/03/2026,2026-07-17,ABIERTO,29a3b2e9-5d65-4441-9588-42dea2bc372f,28f49481-a0a0-4dc4-a720-9bdf1c11f735,f143262f-dc5c-4eed-8da0-365bf89897b9
2336d60b-0f57-4d6b-9452-e1309ea8ffe3,Libero dicta fugiat odit dolores quas,Qui eveniet eius officia quis maxime voluptate officia enim ad sed ex doloribus.,2026-01-07,2026-01-26,EN_CURSO,17fc695a-07a0-4a6e-8822-e8f36c031199,28f49481-a0a0-4dc4-a720-9bdf1c11f735,405cacec-8774-49a9-b7d2-1e02ff01cf99
aa3dd585-eaec-44e0-a819-09ce0dd7cac2,Reiciendis possimus dolore sit maxime,Ipsam ab sit architecto deserunt odio consequuntur dignissimos at.,2026-05-02,2026-10-24,ABIERTO,e27a984d-6548-41d0-bfcd-9eb1a7cad415,28f49481-a0a0-4dc4-a720-9bdf1c11f735,405cacec-8774-49a9-b7d2-1e02ff01cf99
ee8b46d3-cb94-4541-94ca-e4328c813e53,Dolores aspernatur quam est quam,Incidunt non esse nemo voluptas dicta similique laboriosam veritatis facere.,23/05/2026,2026-06-18,EN_CURSO,10f1bc81-448a-4a9e-a6b2-bc5b50c187fc,28f49481-a0a0-4dc4-a720-9bdf1c11f735,1d53434b-b881-49b9-ae27-0da702f06b90
6c35e33c-70fe-45a1-b880-adc62af2b718,Non inventore culpa veritatis laboriosam quis incidunt,Quis ullam nisi corrupti quas ducimus iure iste.,28/02/2026,2026-04-28,CERRADO,451b4cf3-6123-4df7-b656-af7229d4beef,988c24c9-61b1-4d22-a280-1c4510435a10,1d53434b-b881-49b9-ae27-0da702f06b90
126aa315-7b18-4d5d-9b24-7a558fe88b77,Consequatur iusto culpa deleniti accusamus magnam,Laudantium unde velit voluptas fuga laudantium odit nihil illum aliquam ullam harum.,2026-02-27,2026-04-29,ABIERTO,17fc695a-07a0-4a6e-8822-e8f36c031199,988c24c9-61b1-4d22-a280-1c4510435a10,405cacec-8774-49a9-b7d2-1e02ff01cf99
6fb138c2-c350-4f4f-b1b8-f079299094c0,Quo quibusdam expedita quae odio,Possimus officiis unde quasi doloribus alias repellat occaecati perspiciatis possimus officia ea.,12/05/2026,2026-08-10,ABIERTO,bd9c66b3-ad3c-4d6d-9a3d-1fa7bc8960a9,7e570ddf-8270-40a8-a369-b584ff5e9ff0,405cacec-8774-49a9-b7d2-1e02ff01cf99
41190559-25b9-4e82-ae5a-5f99f1bb5d9b,Nobis veritatis sapiente accusamus quo,Id nesciunt tempore maxime deleniti in rerum ducimus esse voluptas omnis fugit est.,2026-03-30,,EN_CURSO,0e51f30d-c6a7-4e39-84b0-32ccd7c524a5,98ae4334-6c12-4ce8-ae34-0454cac5b68c,1d53434b-b881-49b9-ae27-0da702f06b90
ba47680f-eca0-4629-a05b-c7eac0a15dbc,Autem nemo reiciendis repellendus,Quibusdam ut id est voluptates repellendus a architecto possimus minima omnis.,13/03/2026,2026-07-27,EN_CURSO,bd9c66b3-ad3c-4d6d-9a3d-1fa7bc8960a9,7e570ddf-8270-40a8-a369-b584ff5e9ff0,f143262f-dc5c-4eed-8da0-365bf89897b9
5fe92750-2d28-42a8-abae-afc76e52b671,Provident dicta delectus veniam,Necessitatibus distinctio dicta quibusdam repellat deleniti voluptatem sit ipsam totam autem odio aspernatur assumenda.,2026-07-16,2026-10-30,ABIERTO,fc377a4c-4a15-444d-85e7-ce8a3a578a8e,dc713d96-0c0f-4195-817a-f08a1745d6d8,405cacec-8774-49a9-b7d2-1e02ff01cf99
07983bc0-5797-44ba-9073-80cb46d9e34d,Doloremque laborum quis ab eaque veritatis pariatur ratione,Atque minima ab nobis voluptates quis ut.,2025-11-22,2026-03-11,en_curso,ab9099a4-35a2-40ae-9af3-05535ec42e08,988c24c9-61b1-4d22-a280-1c4510435a10,f143262f-dc5c-4eed-8da0-365bf89897b9
6df0ac3c-9ab8-480f-9647-9889c1c4f618,Fuga tempora voluptatum repellendus velit pariatur,,06/04/2026,2026-07-16,ABIERTO,5304317f-af42-412f-b838-b3268e944239,988c24c9-61b1-4d22-a280-1c4510435a10,f143262f-dc5c-4eed-8da0-365bf89897b9
5e516bf8-3fa0-49a6-90a7-3b72c05e5ade,Nulla omnis labore impedit deleniti voluptates vero,,03/07/2026,2026-11-27,EN_CURSO,9a1de644-815e-46d1-bb8f-aa1837f8a88b,98ae4334-6c12-4ce8-ae34-0454cac5b68c,405cacec-8774-49a9-b7d2-1e02ff01cf99
db6ae7db-a888-47af-bca3-9bae79e3202e,Quasi eos deserunt corporis,Soluta quos quaerat adipisci libero assumenda rerum voluptatum voluptates iure tempore veritatis laboriosam molestiae doloribus.,2026-10-01,2027-02-03,CERRADO,371ecd7b-27cd-4130-8722-9389571aa876,dc713d96-0c0f-4195-817a-f08a1745d6d8,f143262f-dc5c-4eed-8da0-365bf89897b9
b32d3c81-a8e5-4e05-b1b7-bd1ec0d52828,Autem voluptatibus adipisci ut,Temporibus quisquam dolore ducimus labore tempore commodi consequatur modi quas at porro.,10/12/2025,2026-01-20,ABIERTO,a9488d99-0bbb-4599-91ce-5dd2b45ed1f0,dc713d96-0c0f-4195-817a-f08a1745d6d8,f143262f-dc5c-4eed-8da0-365bf89897b9
c42eafc8-9372-480d-ae89-2190394b5d35,Aperiam exercitationem tenetur quia quam omnis quos vitae,Repellat dolore blanditiis assumenda at qui vel quia blanditiis facilis sequi veritatis nemo.,2026-09-08,,CERRADO,a28defe3-9bf0-4273-9247-6f57a5e5a5ab,ff50bde4-3825-47b8-9cab-cc97663f1c97,1d53434b-b881-49b9-ae27-0da702f06b90
891d47fe-970e-487a-8fd7-b0f24f908490,Sed voluptatem eum facilis perspiciatis,Maxime nobis dolore hic modi itaque corporis velit saepe.,05/10/2025,2026-02-10,EN_CURSO,3eabedcb-baa8-4dd4-88bd-64072bcfbe01,bf3c4c06-4343-48bc-89fa-6a688fb5d27b,1d53434b-b881-49b9-ae27-0da702f06b90
99f9a338-25bd-4b14-b4ae-4b96ae133adc,Corporis pariatur reiciendis praesentium nisi,Magnam porro earum sed nemo occaecati dolor eos vitae animi repellat.,17/04/2026,2026-07-31,CERRADO,a28defe3-9bf0-4273-9247-6f57a5e5a5ab,dc713d96-0c0f-4195-817a-f08a1745d6d8,1d53434b-b881-49b9-ae27-0da702f06b90
d91b1cb6-35ea-4d3e-b77d-ff3ad3f04058,Praesentium amet sint debitis laborum,Error repellendus totam culpa accusantium hic in labore expedita hic asperiores quas eligendi.,2025-12-03,2026-01-01,ABIERTO,ab9099a4-35a2-40ae-9af3-05535ec42e08,28f49481-a0a0-4dc4-a720-9bdf1c11f735,1d53434b-b881-49b9-ae27-0da702f06b90
8c4a62ba-db33-4860-b37b-db9931f18f8b,Atque eum recusandae sint amet vel,Itaque cum consequuntur possimus enim corporis dolor quibusdam quasi ab quas.,28/09/2026,2026-11-22,ABIERTO,c241330b-01a9-471f-9e8a-774bcf36d58b,988c24c9-61b1-4d22-a280-1c4510435a10,405cacec-8774-49a9-b7d2-1e02ff01cf99
fd0d4cb1-c916-4a93-ada6-3c4b1a1940e4,Fugiat voluptatem perspiciatis cumque,Atque voluptate debitis amet voluptatem officiis nihil voluptas.,16/05/2026,2026-07-02,ABIERTO,759cde66-bacf-43d0-8b1f-9163ce9ff57f,28f49481-a0a0-4dc4-a720-9bdf1c11f735,f143262f-dc5c-4eed-8da0-365bf89897b9
08b3c111-3eb8-42c6-a76c-269fb8f91075,Dolores laborum porro veritatis,,05/06/2026,2026-09-26,CERRADO,bd9c66b3-ad3c-4d6d-9a3d-1fa7bc8960a9,ff50bde4-3825-47b8-9cab-cc97663f1c97,1d53434b-b881-49b9-ae27-0da702f06b90
399557cb-827e-40b2-a892-0b25ab35f75a,Nesciunt voluptates laboriosam,Recusandae debitis laborum officia inventore necessitatibus aut aperiam.,2026-06-11,2026-10-19,EN_CURSO,7412b293-4729-4739-a14f-f3d719db3ad0,988c24c9-61b1-4d22-a280-1c4510435a10,405cacec-8774-49a9-b7d2-1e02ff01cf99
2f54f0e5-899a-4349-8b93-dab6dcb9d394, Repellat accusantium nam modi repellat laborum ,,2026-09-22,2027-03-02,ABIERTO,ce177b4e-0837-48a3-9261-a7ab3aa2e4f9,28f49481-a0a0-4dc4-a720-9bdf1c11f735,f143262f-dc5c-4eed-8da0-365bf89897b9
41bb0e0d-8fff-406d-967b-6ea029451370,Assumenda commodi error,Cupiditate voluptate omnis dolorum aliquid veniam temporibus eos modi consequuntur laudantium est tenetur voluptatum non.,15/06/2026,2026-09-18,CERRADO,4b0dbb41-8d52-48f1-942c-3fe860e7a113,7e570ddf-8270-40a8-a369-b584ff5e9ff0,405cacec-8774-49a9-b7d2-1e02ff01cf99
a9a14475-1958-4981-b01c-337e35b80aae,Dolores deleniti error,Vero nobis dolor facere consectetur numquam asperiores ducimus fugit temporibus.,21/04/2026,2026-05-12,CERRADO,371ecd7b-27cd-4130-8722-9389571aa876,988c24c9-61b1-4d22-a280-1c4510435a10,1d53434b-b881-49b9-ae27-0da702f06b90
4111e681-f1da-433d-9550-239074c0db3e,Velit corporis dignissimos occaecati earum odio,Quaerat natus officia maiores cum reprehenderit et ratione fugiat vitae.,2026-03-09,2026-07-01,CERRADO,6b65a6a4-8b81-48f6-b38a-088ca65ed389,dc713d96-0c0f-4195-817a-f08a1745d6d8,f143262f-dc5c-4eed-8da0-365bf89897b9
880e6ddd-1fe7-4d21-8526-ed6213d8a6e6, Placeat illum eveniet at ,Quod corporis reiciendis earum atque voluptatem dolore veritatis quos commodi minima soluta.,2026-01-09,2026-05-18,ABIERTO,beb79919-3f22-4af8-a3be-d01d43cf2fde,dc713d96-0c0f-4195-817a-f08a1745d6d8,1d53434b-b881-49b9-ae27-0da702f06b90
1875589a-7d57-451f-8e8a-5306d2438d1b,Expedita nemo eligendi earum aut aliquid et,Debitis rem perspiciatis ratione mollitia sunt illo nihil ea placeat quae omnis consequuntur.,21/05/2026,2026-10-08,ABIERTO,6b65a6a4-8b81-48f6-b38a-088ca65ed389,ff50bde4-3825-47b8-9cab-cc97663f1c97,405cacec-8774-49a9-b7d2-1e02ff01cf99
eb1efddc-0d88-4933-8472-5ab7bc44a417,Provident dolorum non provident delectus voluptates,Magnam eius incidunt velit sunt repellendus esse similique veniam illo est at aspernatur quas.,13/05/2026,2026-09-20,ABIERTO,3eabedcb-baa8-4dd4-88bd-64072bcfbe01,956269f0-e5d7-4875-adad-d6c795a76d79,1d53434b-b881-49b9-ae27-0da702f06b90
15a75ed9-0eb2-458f-9347-f4862a44da88, Mollitia laudantium soluta vitae incidunt ,Ut consequatur libero placeat perspiciatis minus commodi accusamus deleniti rerum ab incidunt modi exercitationem voluptatibus.,10/11/2025,2026-02-14,CERRADO,ddd1dfb2-3b98-4ef8-9af6-1a26146d3f31,956269f0-e5d7-4875-adad-d6c795a76d79,1d53434b-b881-49b9-ae27-0da702f06b90
ffc977e4-d2c7-4176-aba3-32b1f36c1c45,Placeat aliquam ipsum cumque ut quis temporibus,Asperiores saepe maiores veritatis in fugiat fuga beatae totam.,18/06/2026,2026-11-18,EN_CURSO,3139d32c-93cd-49bf-9c94-1cf0dc98d2c1,ff50bde4-3825-47b8-9cab-cc97663f1c97,1d53434b-b881-49b9-ae27-0da702f06b90
c433b3bd-d9cc-4656-8a03-be43d4ec0595,Enim laboriosam eaque a,Necessitatibus dolor esse ut officia repudiandae alias iure nulla laborum explicabo nulla eveniet explicabo a tempora.,2026-01-09,2026-07-06,ABIERTO,7412b293-4729-4739-a14f-f3d719db3ad0,7e570ddf-8270-40a8-a369-b584ff5e9ff0,405cacec-8774-49a9-b7d2-1e02ff01cf99
19f145cc-0244-44d7-9ac2-a17666edef30,Laudantium assumenda maiores corrupti commodi laborum,,2025-12-16,2026-02-20,ABIERTO,759cde66-bacf-43d0-8b1f-9163ce9ff57f,988c24c9-61b1-4d22-a280-1c4510435a10,405cacec-8774-49a9-b7d2-1e02ff01cf99
23cecf1e-296d-491f-b079-ae53d6e0217c,Quia ab sunt quae beatae eligendi,Hic quia tempore cum dicta laboriosam pariatur eaque in.,2026-06-16,2026-10-01,CERRADO,366eb16f-508e-4ad7-b7c9-3acfe059a0ee,28f49481-a0a0-4dc4-a720-9bdf1c11f735,f143262f-dc5c-4eed-8da0-365bf89897b9
b6ddbd11-ae86-4837-8cc1-02507edd8483,Eveniet quisquam sunt magnam,Consectetur vero recusandae commodi exercitationem accusamus placeat amet rerum inventore nisi ab laboriosam.,2026-05-06,2026-10-09,ABIERTO,beb79919-3f22-4af8-a3be-d01d43cf2fde,956269f0-e5d7-4875-adad-d6c795a76d79,405cacec-8774-49a9-b7d2-1e02ff01cf99
6dcfcb58-c2ca-45ed-9526-3fef7c65dbfb,Nulla quas deleniti eligendi beatae,Voluptatibus dolorum reprehenderit dicta provident repellat praesentium magnam debitis voluptatibus nihil.,2026-01-22,2026-04-26,EN_CURSO,b02b61c4-a3d7-4628-ace6-6fa2fd5166e6,98ae4334-6c12-4ce8-ae34-0454cac5b68c,f143262f-dc5c-4eed-8da0-365bf89897b9
21de2360-1ed6-4b71-bab8-ec3f2612e9e5, Alias voluptatibus ut incidunt nulla at ,,08/06/2026,2026-11-17,ABIERTO,47378190-96da-4dac-b2ff-5d2a386ecbe0,28f49481-a0a0-4dc4-a720-9bdf1c11f735,1d53434b-b881-49b9-ae27-0da702f06b90
1c2c8fb1-4de5-42f7-8d39-4b57a4d4df15,Facilis velit quae doloribus tempora,Aliquam amet quia distinctio iusto tenetur aut delectus veniam.,19/03/2026,2026-04-21,EN_CURSO,451b4cf3-6123-4df7-b656-af7229d4beef,28f49481-a0a0-4dc4-a720-9bdf1c11f735,405cacec-8774-49a9-b7d2-1e02ff01cf99
18cd99c9-1c8d-43b4-8dea-5200559383cf,Placeat quo consectetur,Qui facere quod minus fuga officiis distinctio fugit suscipit consectetur quia blanditiis.,2026-02-23,2026-07-29,CERRADO,e27a984d-6548-41d0-bfcd-9eb1a7cad415,ff50bde4-3825-47b8-9cab-cc97663f1c97,405cacec-8774-49a9-b7d2-1e02ff01cf99
a783d1c8-e250-491a-a984-6baaf7e47c8c,Deserunt ipsum atque velit nulla,Quas voluptatibus dicta quam aliquam deleniti mollitia dolorum soluta sequi tenetur.,20/05/2026,2026-09-22,CERRADO,972a8469-1641-4f82-8b9d-2434e465e150,956269f0-e5d7-4875-adad-d6c795a76d79,1d53434b-b881-49b9-ae27-0da702f06b90
a13ecf15-72cf-4b0e-9db2-f6cee5190530,Tenetur architecto in ut,Ratione cumque earum voluptas enim veritatis aperiam voluptas deleniti repellendus libero minus maiores asperiores.,2026-02-16,2026-04-11,EN_CURSO,6c307511-b2b9-437a-a8df-6ec4ce4a2bbd,ff50bde4-3825-47b8-9cab-cc97663f1c97,f143262f-dc5c-4eed-8da0-365bf89897b9
8fffe845-6257-4e9c-8260-1132c02fb24f,Id earum delectus cum dolor possimus,Iste provident minima esse dolore provident mollitia cupiditate aliquid dolores aliquam corporis sunt unde earum.,2026-03-24,2026-06-04, En Curso ,ce177b4e-0837-48a3-9261-a7ab3aa2e4f9,dc713d96-0c0f-4195-817a-f08a1745d6d8,405cacec-8774-49a9-b7d2-1e02ff01cf99
3fbefe33-fae2-44a8-a475-2fa70d3069bf,Modi a expedita non fuga,Veniam sunt eaque consequatur tempore eos voluptates numquam.,08/08/2026,2026-10-26,ABIERTO,9132b63e-f162-47e4-a9c3-49e03602f8ac,dc713d96-0c0f-4195-817a-f08a1745d6d8,405cacec-8774-49a9-b7d2-1e02ff01cf99
bb0084fa-3822-451b-9b00-f1a0d2ed3196,Debitis voluptas modi voluptatem quod,,2025-10-09,2026-04-02,EN_CURSO,beb79919-3f22-4af8-a3be-d01d43cf2fde,956269f0-e5d7-4875-adad-d6c795a76d79,1d53434b-b881-49b9-ae27-0da702f06b90
17fc2335-7aa0-4208-a6f4-7dcf25f93ab9,Delectus delectus similique deleniti laudantium quas officia,Est suscipit repellendus porro deleniti corporis incidunt.,2026-02-25,2026-08-23,ABIERTO,e27a984d-6548-41d0-bfcd-9eb1a7cad415,ff50bde4-3825-47b8-9cab-cc97663f1c97,405cacec-8774-49a9-b7d2-1e02ff01cf99
670a858c-f86b-4e95-a526-80b3e8bcd007,Quam consequatur quibusdam accusamus,Fugiat accusantium repudiandae quis officia aliquam dolorum assumenda.,2026-03-30,2026-09-20,CERRADO,24933b83-7577-40a9-a491-f0b2ea1fca65,28f49481-a0a0-4dc4-a720-9bdf1c11f735,1d53434b-b881-49b9-ae27-0da702f06b90
03748864-9981-428f-a09c-4325f047fbeb,Vero autem quasi,Sequi assumenda consequuntur quis tempora repellendus esse laboriosam doloribus molestiae eaque molestiae.,29/11/2025,2025-12-24,ABIERTO,9a1de644-815e-46d1-bb8f-aa1837f8a88b,bf3c4c06-4343-48bc-89fa-6a688fb5d27b,1d53434b-b881-49b9-ae27-0da702f06b90
8b6daa25-1a52-4aa2-8b66-0bcdd32e4757,Aut suscipit impedit a dolore,Incidunt corporis omnis dolorem soluta harum sunt reprehenderit beatae cumque.,2025-10-13,2026-03-24,EN_CURSO,5be6128e-18c2-4797-a142-ea7d17be3111,98ae4334-6c12-4ce8-ae34-0454cac5b68c,1d53434b-b881-49b9-ae27-0da702f06b90
f4b28643-f4da-4cc8-9a0b-6310397a4dc8,Facere nulla blanditiis unde ullam,Non debitis minus nobis perspiciatis corrupti pariatur.,2025-11-16,2026-05-13,ABIERTO,5304317f-af42-412f-b838-b3268e944239,dc713d96-0c0f-4195-817a-f08a1745d6d8,1d53434b-b881-49b9-ae27-0da702f06b90
592fcdc6-4979-4220-914b-c7719ff0287a,Earum libero fuga eaque,,2026-01-30,2026-05-02,EN_CURSO,759cde66-bacf-43d0-8b1f-9163ce9ff57f,98ae4334-6c12-4ce8-ae34-0454cac5b68c,f143262f-dc5c-4eed-8da0-365bf89897b9
93ed82c5-1cf8-4164-913b-776ed08ce31e,Vero eius at voluptatum delectus harum,Laudantium laboriosam voluptate nobis odio consequuntur velit ullam fugit molestias molestiae laudantium.,08/04/2026,2026-08-17,ABIERTO,972a8469-1641-4f82-8b9d-2434e465e150,ff50bde4-3825-47b8-9cab-cc97663f1c97,f143262f-dc5c-4eed-8da0-365bf89897b9
1567f88e-6276-4e87-bae8-c8f8d2478bb2,Quaerat minima quod repellat dolor assumenda facere dicta,,01/05/2026,2026-08-30,EN_CURSO,451b4cf3-6123-4df7-b656-af7229d4beef,7e570ddf-8270-40a8-a369-b584ff5e9ff0,f143262f-dc5c-4eed-8da0-365bf89897b9
75dc037d-4b71-481f-a3ac-64e5d1aaab53,Saepe mollitia ut in,Repudiandae animi consequuntur vitae provident fugiat ad vitae fuga praesentium.,03/08/2026,2027-01-20,ABIERTO,a9488d99-0bbb-4599-91ce-5dd2b45ed1f0,28f49481-a0a0-4dc4-a720-9bdf1c11f735,1d53434b-b881-49b9-ae27-0da702f06b90
d66248bf-7a11-4e56-92e2-9c2a94e4339d,Sit adipisci facilis aspernatur aspernatur necessitatibus repellendus corrupti,Iusto consequuntur minima veniam iusto quam ipsam officia accusamus.,19/06/2026,2026-09-30,EN_CURSO,47378190-96da-4dac-b2ff-5d2a386ecbe0,28f49481-a0a0-4dc4-a720-9bdf1c11f735,1d53434b-b881-49b9-ae27-0da702f06b90
a477e25a-e193-43a9-8f5c-365a27e83b87,Nobis cupiditate cum,,2025-11-17,2026-04-24,ABIERTO,a9488d99-0bbb-4599-91ce-5dd2b45ed1f0,7e570ddf-8270-40a8-a369-b584ff5e9ff0,f143262f-dc5c-4eed-8da0-365bf89897b9
9e79a6fe-6680-45e3-b63c-bc32be3e1402,Dolor delectus quia nam,Repellendus iusto et odit repudiandae cum rem officia.,22/11/2025,2026-01-07, En Curso ,3eabedcb-baa8-4dd4-88bd-64072bcfbe01,7e570ddf-8270-40a8-a369-b584ff5e9ff0,405cacec-8774-49a9-b7d2-1e02ff01cf99
13eb4358-1ab9-4662-9bc0-2912451972c4,Nobis sed adipisci eligendi molestiae aperiam,Ab tenetur deleniti dicta ut dolores assumenda necessitatibus aliquid voluptates laborum aliquid at est voluptatem quibusdam.,2025-12-19,2025-11-25,ABIERTO,e2acf72f-9e57-4f7a-a0ee-89aed453dd32,98ae4334-6c12-4ce8-ae34-0454cac5b68c,1d53434b-b881-49b9-ae27-0da702f06b90
c078bc3e-5081-4407-b1e3-e608800e2952, Quas voluptate praesentium atque illum qui ,Magnam quod ad recusandae labore sit alias cum.,2026-03-08,2026-07-08,ABIERTO,6c307511-b2b9-437a-a8df-6ec4ce4a2bbd,28f49481-a0a0-4dc4-a720-9bdf1c11f735,1d53434b-b881-49b9-ae27-0da702f06b90
a03e7003-e29c-4897-9429-25a0768e212d,Veritatis doloremque dolor placeat,Quisquam cum vitae maiores quas officiis ut exercitationem quos.,2026-06-27,2026-09-30,ABIERTO,6c307511-b2b9-437a-a8df-6ec4ce4a2bbd,988c24c9-61b1-4d22-a280-1c4510435a10,1d53434b-b881-49b9-ae27-0da702f06b90
db1fb4d4-9f9b-47bd-9c3d-b15c4a74982e, Aliquam quae placeat dolores voluptatum non ,Necessitatibus voluptatibus atque accusamus quisquam est sint reiciendis tempora.,2026-02-13,2026-06-27,EN_CURSO,3139d32c-93cd-49bf-9c94-1cf0dc98d2c1,988c24c9-61b1-4d22-a280-1c4510435a10,405cacec-8774-49a9-b7d2-1e02ff01cf99
2b729d66-504f-4e7c-b46e-49a81817dac5,Cum eius facilis at debitis,Ducimus labore ducimus soluta officiis consequuntur commodi necessitatibus aliquam similique id sequi totam consectetur.,16/04/2026,2026-04-04,EN_CURSO,0e51f30d-c6a7-4e39-84b0-32ccd7c524a5,988c24c9-61b1-4d22-a280-1c4510435a10,405cacec-8774-49a9-b7d2-1e02ff01cf99
f3b937f2-9fe7-4068-9847-260b8331d711,Fugiat placeat magni ea soluta placeat,Voluptate animi ratione praesentium natus culpa autem fugiat necessitatibus sequi dolore soluta pariatur expedita iusto modi.,24/02/2026,2026-05-05,CERRADO,ddd1dfb2-3b98-4ef8-9af6-1a26146d3f31,bf3c4c06-4343-48bc-89fa-6a688fb5d27b,405cacec-8774-49a9-b7d2-1e02ff01cf99
2e266519-15f8-4768-9bef-39f177009b2e, Totam ullam quisquam dicta ,Aperiam exercitationem nobis distinctio qui beatae iste molestias veniam corporis distinctio necessitatibus.,2026-08-18,,EN_CURSO,24933b83-7577-40a9-a491-f0b2ea1fca65,988c24c9-61b1-4d22-a280-1c4510435a10,f143262f-dc5c-4eed-8da0-365bf89897b9
efbbd216-0ff9-4696-a15a-58bdc632554b,Ratione voluptatem distinctio distinctio ad quis,Earum odio assumenda architecto illo error quae sit minima pariatur ea rerum at.,2026-05-26,2026-10-25,ABIERTO,b74d0fb1-32e7-4629-8fad-c1a606cb0fb3,98ae4334-6c12-4ce8-ae34-0454cac5b68c,405cacec-8774-49a9-b7d2-1e02ff01cf99
c0d02553-f69f-439b-978e-911f6db46c7f,Cum expedita in labore porro,,2026-09-20,2026-12-11,CERRADO,7412b293-4729-4739-a14f-f3d719db3ad0,98ae4334-6c12-4ce8-ae34-0454cac5b68c,f143262f-dc5c-4eed-8da0-365bf89897b9
aa000756-52e0-434e-a505-a2b69dd3c15a,Accusamus tempore ut libero et recusandae,Ea quam voluptates velit similique odio odit neque alias quia deleniti possimus quo.,17/05/2026,2026-06-12,EN_CURSO,972a8469-1641-4f82-8b9d-2434e465e150,7e570ddf-8270-40a8-a369-b584ff5e9ff0,f143262f-dc5c-4eed-8da0-365bf89897b9
35b30874-591c-428f-b754-c5ec60a78c20, Voluptas nemo accusamus repellendus accusamus ,Magnam sint praesentium officiis iste illum explicabo molestiae minima quisquam beatae.,2026-05-26,2026-10-29,EN_CURSO,17fc695a-07a0-4a6e-8822-e8f36c031199,98ae4334-6c12-4ce8-ae34-0454cac5b68c,1d53434b-b881-49b9-ae27-0da702f06b90
2d490058-5f84-43c5-adaa-8c7e75757602,Nisi molestiae fugit sapiente porro ipsa eligendi,,2025-12-12,2026-04-21,CERRADO,4b0dbb41-8d52-48f1-942c-3fe860e7a113,956269f0-e5d7-4875-adad-d6c795a76d79,405cacec-8774-49a9-b7d2-1e02ff01cf99
c6e19fd7-390e-4f57-b63d-2fb56baf1e8f,Mollitia beatae sequi veritatis expedita recusandae iure,Ab fugiat dolore eligendi sunt eaque saepe recusandae impedit dolores tempore impedit accusamus.,2026-08-31,,EN_CURSO,7412b293-4729-4739-a14f-f3d719db3ad0,28f49481-a0a0-4dc4-a720-9bdf1c11f735,1d53434b-b881-49b9-ae27-0da702f06b90
d113b5ff-d73c-4d84-9fd9-0dfeca5edf38, Reprehenderit nobis ex vero voluptatibus doloribus voluptate ,Nulla hic amet ut inventore vel hic quas illo et.,03/12/2025,2026-03-21,ABIERTO,1a2a73ed-562b-4f79-8374-59eef50bea63,98ae4334-6c12-4ce8-ae34-0454cac5b68c,1d53434b-b881-49b9-ae27-0da702f06b90
b5c43078-197d-405f-bb20-d1546ff98cf7,Magnam occaecati quos sapiente,Totam saepe culpa eum at ad accusamus quo corrupti nulla molestiae voluptas nemo ad quasi voluptatem.,2025-12-05,2025-12-30,ABIERTO,bd9c66b3-ad3c-4d6d-9a3d-1fa7bc8960a9,ff50bde4-3825-47b8-9cab-cc97663f1c97,1d53434b-b881-49b9-ae27-0da702f06b90
2fc2147c-5bad-4755-8710-1f3da1aa19f0,Officiis dolore deserunt saepe quas,Quo omnis eius vel occaecati odit neque aut itaque nisi autem eligendi.,2026-06-08,2026-09-16,EN_CURSO,ce177b4e-0837-48a3-9261-a7ab3aa2e4f9,988c24c9-61b1-4d22-a280-1c4510435a10,405cacec-8774-49a9-b7d2-1e02ff01cf99
7e86d7f8-13cf-44fe-97c0-3e282e3d9de2,Totam dignissimos aut recusandae impedit laborum,,2026-09-17,2026-09-08,CERRADO,47378190-96da-4dac-b2ff-5d2a386ecbe0,28f49481-a0a0-4dc4-a720-9bdf1c11f735,1d53434b-b881-49b9-ae27-0da702f06b90
bddfd7eb-8591-4036-a88c-22220148a245,Unde deserunt adipisci ad maiores,Dolor facilis tempore adipisci consequuntur assumenda porro consectetur earum.,05/05/2026,2026-08-09,ABIERTO,ab9099a4-35a2-40ae-9af3-05535ec42e08,dc713d96-0c0f-4195-817a-f08a1745d6d8,1d53434b-b881-49b9-ae27-0da702f06b90
b544f70c-593a-4b51-978b-55e7f406d6e0,Officiis iusto repellat ipsa veniam ullam dolorum,Porro suscipit eligendi hic nesciunt quisquam est recusandae veritatis laborum.,2025-12-21,2026-04-01,CERRADO,0e51f30d-c6a7-4e39-84b0-32ccd7c524a5,988c24c9-61b1-4d22-a280-1c4510435a10,1d53434b-b881-49b9-ae27-0da702f06b90
bf409640-98a9-4187-ac7a-0c9d723764ba,Repellendus numquam non inventore necessitatibus,Tempore reprehenderit ipsum suscipit vero ducimus illum nobis soluta veniam minus id.,12/09/2026,2027-02-18,EN_CURSO,b02b61c4-a3d7-4628-ace6-6fa2fd5166e6,bf3c4c06-4343-48bc-89fa-6a688fb5d27b,f143262f-dc5c-4eed-8da0-365bf89897b9
6dec4b0d-529b-4b96-8f1d-46be2e0e343d,Facere asperiores omnis fuga,,2025-11-18,2026-02-25,CERRADO,6b65a6a4-8b81-48f6-b38a-088ca65ed389,98ae4334-6c12-4ce8-ae34-0454cac5b68c,1d53434b-b881-49b9-ae27-0da702f06b90
e223e389-f23e-41fc-9b9f-9efeb75d2f0c,Nemo officia placeat ipsa,Dicta amet laudantium aliquid earum blanditiis iste nobis nihil dolores accusantium accusantium.,20/01/2026,2026-04-23,CERRADO,23b8c1e9-3924-46de-beb1-3b9046685257,988c24c9-61b1-4d22-a280-1c4510435a10,f143262f-dc5c-4eed-8da0-365bf89897b9
01308be0-fcea-4a96-9364-ecb5db29920a,Eligendi sapiente illo tempore ullam aliquam officia,Iusto rerum impedit error et exercitationem aspernatur quo.,05/08/2026,2027-01-15, Cerrado ,43b7a3a6-9a8d-4a03-980d-7b71d8f56413,bf3c4c06-4343-48bc-89fa-6a688fb5d27b,1d53434b-b881-49b9-ae27-0da702f06b90
4c66d04f-64b1-4c49-8c0c-f61e9cc10bd8,Laudantium odit tenetur sapiente vel aut dolore,Consequuntur voluptatibus similique quam dolorem at quam.,14/04/2026,,ABIERTO,ce177b4e-0837-48a3-9261-a7ab3aa2e4f9,98ae4334-6c12-4ce8-ae34-0454cac5b68c,405cacec-8774-49a9-b7d2-1e02ff01cf99
899d6cd2-e723-4e8a-90ef-0cd45e6ee398,Vel sint ea,Beatae veniam asperiores eveniet nostrum repellat earum.,16/08/2026,2026-11-01,ABIERTO,366eb16f-508e-4ad7-b7c9-3acfe059a0ee,956269f0-e5d7-4875-adad-d6c795a76d79,405cacec-8774-49a9-b7d2-1e02ff01cf99
75f006c0-955d-4078-a344-7519ecc38555,Commodi similique quidem suscipit,Odio pariatur maxime dolores labore laudantium eligendi quo laboriosam at quisquam quae explicabo.,2025-12-10,2025-12-29,EN_CURSO,a9488d99-0bbb-4599-91ce-5dd2b45ed1f0,98ae4334-6c12-4ce8-ae34-0454cac5b68c,405cacec-8774-49a9-b7d2-1e02ff01cf99
a5aa9765-a8d3-4b7d-be0c-5ec5df748fb5,Possimus asperiores libero distinctio perferendis,Repellendus deleniti autem dignissimos nihil minus similique quis est iste culpa magnam totam dolor.,2026-08-25,,CERRADO,5be6128e-18c2-4797-a142-ea7d17be3111,98ae4334-6c12-4ce8-ae34-0454cac5b68c,1d53434b-b881-49b9-ae27-0da702f06b90
de2bfe58-73d2-439e-b99d-d6d562b51781,Maiores quod deleniti eius cum esse sit officiis,Itaque autem beatae accusantium itaque eaque labore minus explicabo.,2026-02-23,2026-08-13,EN_CURSO,972a8469-1641-4f82-8b9d-2434e465e150,ff50bde4-3825-47b8-9cab-cc97663f1c97,1d53434b-b881-49b9-ae27-0da702f06b90
5abbb78f-1585-465d-8ce0-bd8fed4b229f,Distinctio id inventore ex ipsam fuga,Officiis quasi in eos illo nisi minus.,2025-11-19,2026-01-26,CERRADO,a9488d99-0bbb-4599-91ce-5dd2b45ed1f0,988c24c9-61b1-4d22-a280-1c4510435a10,1d53434b-b881-49b9-ae27-0da702f06b90
ae608948-1bf3-44ef-aefe-236884c42de1,Officia vero dolor,Tempora nemo dolores minus eius sunt praesentium.,2026-04-14,2026-08-03,EN_CURSO,371ecd7b-27cd-4130-8722-9389571aa876,988c24c9-61b1-4d22-a280-1c4510435a10,1d53434b-b881-49b9-ae27-0da702f06b90
384a9967-19ef-43bf-a494-23aa645416be,Libero cupiditate dignissimos odio provident,Quasi atque magnam praesentium labore esse tenetur dolores et architecto deleniti.,2026-03-11,2026-02-10,cerrado,ddd1dfb2-3b98-4ef8-9af6-1a26146d3f31,dc713d96-0c0f-4195-817a-f08a1745d6d8,1d53434b-b881-49b9-ae27-0da702f06b90
034296fa-f655-4f35-a44f-35c674890e8c,Incidunt accusantium voluptate sunt cupiditate quis ab,Voluptas nesciunt laborum dolorum autem reprehenderit necessitatibus voluptatibus saepe minima cumque corporis.,19/09/2026,2027-02-04,ABIERTO,759cde66-bacf-43d0-8b1f-9163ce9ff57f,dc713d96-0c0f-4195-817a-f08a1745d6d8,1d53434b-b881-49b9-ae27-0da702f06b90
bc76b752-cdcb-4818-8dfa-6a1719991b39, Iste quasi voluptatibus ducimus laborum facilis ,Repudiandae error ex maxime optio sint sapiente.,2025-11-10,,ABIERTO,3139d32c-93cd-49bf-9c94-1cf0dc98d2c1,dc713d96-0c0f-4195-817a-f08a1745d6d8,1d53434b-b881-49b9-ae27-0da702f06b90
84f16d9d-af8f-4cf0-851a-9ec71cdde8ca,Corporis illum dolore,Facere adipisci neque possimus inventore dignissimos at ullam fugiat.,2026-04-11,2026-06-18,CERRADO,5304317f-af42-412f-b838-b3268e944239,28f49481-a0a0-4dc4-a720-9bdf1c11f735,f143262f-dc5c-4eed-8da0-365bf89897b9
a07bf99b-e08c-42ea-861f-e028f727ee90,Tempore ipsum vero minima eaque perspiciatis suscipit,Nihil veniam eius deleniti neque praesentium rerum commodi recusandae necessitatibus recusandae expedita beatae.,15/11/2025,2026-02-27,CERRADO,4b0dbb41-8d52-48f1-942c-3fe860e7a113,dc713d96-0c0f-4195-817a-f08a1745d6d8,405cacec-8774-49a9-b7d2-1e02ff01cf99
25aa620f-af7e-4d9e-ad5f-24c37fb9ae49,Perspiciatis minima enim nam cum laborum aperiam,Accusamus aliquam eligendi nihil amet esse inventore optio a dolorum expedita.,08/10/2025,2026-03-18,CERRADO,10f1bc81-448a-4a9e-a6b2-bc5b50c187fc,98ae4334-6c12-4ce8-ae34-0454cac5b68c,f143262f-dc5c-4eed-8da0-365bf89897b9
aa52cdf3-8082-40ee-9be8-1d7ac90703e8,Culpa assumenda earum voluptatum deserunt nesciunt aspernatur,Adipisci ut dolorum perspiciatis harum id temporibus tempora ullam nisi.,2026-01-23,2026-05-06,ABIERTO,e2acf72f-9e57-4f7a-a0ee-89aed453dd32,bf3c4c06-4343-48bc-89fa-6a688fb5d27b,f143262f-dc5c-4eed-8da0-365bf89897b9
e03d1b30-adcd-495f-af91-a7be905c3fd9,Rem consequuntur quisquam dolorum impedit dicta,Assumenda necessitatibus occaecati molestias fugiat soluta ipsa consequuntur ipsam et vel.,11/12/2025,2026-01-15,EN_CURSO,3eabedcb-baa8-4dd4-88bd-64072bcfbe01,dc713d96-0c0f-4195-817a-f08a1745d6d8,1d53434b-b881-49b9-ae27-0da702f06b90
6d7bba17-5aac-42b1-b7e7-ad815b88fc72,In illum adipisci nam vero in quidem,Tenetur ratione neque fuga numquam tempore soluta amet sapiente commodi pariatur iure quis maxime saepe assumenda.,2026-07-08,2026-11-22,ABIERTO,1a2a73ed-562b-4f79-8374-59eef50bea63,dc713d96-0c0f-4195-817a-f08a1745d6d8,1d53434b-b881-49b9-ae27-0da702f06b90
1b678ec1-a65e-483b-bc75-de3dd473f3b5,Nisi reprehenderit natus porro sint commodi,Perferendis qui amet dignissimos corporis qui libero dolore perferendis sequi error est voluptatibus ab laborum porro.,2026-01-17,2026-04-11,ABIERTO,b74d0fb1-32e7-4629-8fad-c1a606cb0fb3,7e570ddf-8270-40a8-a369-b584ff5e9ff0,405cacec-8774-49a9-b7d2-1e02ff01cf99
9a920655-272c-4482-8002-572a113038f5,Maxime doloribus aut ad,Ipsam animi commodi illo voluptatem reprehenderit sapiente molestias reprehenderit placeat similique nulla inventore odio.,2025-11-18,2025-12-15,CERRADO,ce177b4e-0837-48a3-9261-a7ab3aa2e4f9,7e570ddf-8270-40a8-a369-b584ff5e9ff0,1d53434b-b881-49b9-ae27-0da702f06b90
a84fa67f-be9e-41a9-918c-7fde24458bad,Cupiditate qui molestias labore enim,Vero laudantium pariatur hic possimus autem impedit incidunt.,15/12/2025,2026-02-27,ABIERTO,b74d0fb1-32e7-4629-8fad-c1a606cb0fb3,98ae4334-6c12-4ce8-ae34-0454cac5b68c,f143262f-dc5c-4eed-8da0-365bf89897b9
907001b6-1ec0-4c35-b503-5829488e5bd8,Accusamus esse officia tempora nulla aliquam,Vitae iusto quam eius voluptatem facere sequi magnam expedita provident hic aperiam.,15/10/2025,2026-02-27,ABIERTO,47378190-96da-4dac-b2ff-5d2a386ecbe0,bf3c4c06-4343-48bc-89fa-6a688fb5d27b,1d53434b-b881-49b9-ae27-0da702f06b90
b81e1682-a7eb-4008-9a13-f4bb26c25405,Excepturi quaerat ratione eius quis esse hic,Fugiat iusto omnis nemo unde quod minima consectetur eum veritatis expedita nulla illo aliquid.,2026-06-16,2026-08-10,EN_CURSO,b02b61c4-a3d7-4628-ace6-6fa2fd5166e6,988c24c9-61b1-4d22-a280-1c4510435a10,1d53434b-b881-49b9-ae27-0da702f06b90
18b6dfc7-3b50-494f-a8bf-ffddbb9ddc31,Libero perspiciatis eum doloremque,Autem sunt quas fugit voluptate ullam aperiam dolorum alias quibusdam.,2026-08-31,2026-11-05,EN_CURSO,a9488d99-0bbb-4599-91ce-5dd2b45ed1f0,dc713d96-0c0f-4195-817a-f08a1745d6d8,1d53434b-b881-49b9-ae27-0da702f06b90
a19c7caf-9b45-4430-9fd3-92e2c36b0890,Unde eum praesentium,Consequatur odit nam deserunt laudantium perspiciatis dolorem quia inventore minus ratione assumenda.,2026-03-25,2026-04-24,ABIERTO,366eb16f-508e-4ad7-b7c9-3acfe059a0ee,7e570ddf-8270-40a8-a369-b584ff5e9ff0,1d53434b-b881-49b9-ae27-0da702f06b90
18a0f6c0-ab2d-4fef-b5b7-9271a10db956,Alias consequuntur a quo necessitatibus,Exercitationem placeat vero quas minus deleniti dignissimos repudiandae.,2025-10-14,2025-11-07,ABIERTO,aefcfad8-efc8-4849-b3aa-7efe4458a885,ff50bde4-3825-47b8-9cab-cc97663f1c97,405cacec-8774-49a9-b7d2-1e02ff01cf99
e65664ac-9e54-4175-9b42-9d0e5a239f52,Sequi reiciendis ipsa numquam soluta necessitatibus consectetur,Error blanditiis dolorem nobis ex dolore velit ullam dolorum praesentium architecto sit voluptas asperiores nemo.,2026-04-17,2026-08-11,en_curso,371ecd7b-27cd-4130-8722-9389571aa876,dc713d96-0c0f-4195-817a-f08a1745d6d8,405cacec-8774-49a9-b7d2-1e02ff01cf99
800314a8-9c7a-44e3-ae8b-09a3848be725,Id animi possimus beatae iusto,Officiis adipisci in dicta suscipit animi dignissimos repellendus eveniet quidem totam.,2026-09-01,2026-09-18,EN_CURSO,366eb16f-508e-4ad7-b7c9-3acfe059a0ee,956269f0-e5d7-4875-adad-d6c795a76d79,f143262f-dc5c-4eed-8da0-365bf89897b9
ce3fde9a-12aa-4ab4-be59-a0d13c5168b0,Temporibus praesentium quisquam alias voluptatem veniam nisi,,2025-10-29,2026-01-24,EN_CURSO,10f1bc81-448a-4a9e-a6b2-bc5b50c187fc,988c24c9-61b1-4d22-a280-1c4510435a10,405cacec-8774-49a9-b7d2-1e02ff01cf99
611f98ef-dc3c-423a-9bae-fd9e88c06786, Mollitia amet quisquam ,Inventore incidunt consequuntur ipsa tempore voluptatem facilis deserunt ipsa.,20/12/2025,2026-05-13,EN CURSO,4b0dbb41-8d52-48f1-942c-3fe860e7a113,7e570ddf-8270-40a8-a369-b584ff5e9ff0,405cacec-8774-49a9-b7d2-1e02ff01cf99
96afa28a-178c-45a0-bb66-8afa3cf8b913,Dolorem quibusdam suscipit,Necessitatibus voluptatibus accusamus quam repellat asperiores consectetur debitis aliquam expedita omnis doloribus eos non laboriosam.,2025-10-27,2026-02-03,ABIERTO,451b4cf3-6123-4df7-b656-af7229d4beef,dc713d96-0c0f-4195-817a-f08a1745d6d8,1d53434b-b881-49b9-ae27-0da702f06b90
400d083a-138d-4006-93a9-6a92a8164d18,Dignissimos provident repellendus tempore similique ipsam esse,Quod eos officiis minima eaque possimus magnam amet tempore provident numquam eius.,2025-11-21,,ABIERTO,fc377a4c-4a15-444d-85e7-ce8a3a578a8e,dc713d96-0c0f-4195-817a-f08a1745d6d8,1d53434b-b881-49b9-ae27-0da702f06b90
f9d71979-d767-46da-a31b-0c86e97c0ea5,Dolorem quia distinctio fuga repellendus consequuntur voluptate,Officiis iste beatae libero alias eius fugit repudiandae assumenda eius non libero sint.,23/12/2025,2026-02-25,abierto,beb79919-3f22-4af8-a3be-d01d43cf2fde,98ae4334-6c12-4ce8-ae34-0454cac5b68c,f143262f-dc5c-4eed-8da0-365bf89897b9
34aababd-3975-4433-8b5e-d14871ab4711,Delectus inventore amet esse molestiae expedita,Tenetur quidem excepturi repudiandae ea quidem dolor.,03/03/2026,2026-07-27, En Curso ,9a1de644-815e-46d1-bb8f-aa1837f8a88b,98ae4334-6c12-4ce8-ae34-0454cac5b68c,1d53434b-b881-49b9-ae27-0da702f06b90
9f1c9fd4-d449-4964-b9cd-213b5748218a,Sint quos unde quibusdam rem mollitia,Similique vel iure nemo necessitatibus maxime cum fugit quia unde consequatur.,2025-10-15,2025-11-23,ABIERTO,47378190-96da-4dac-b2ff-5d2a386ecbe0,988c24c9-61b1-4d22-a280-1c4510435a10,f143262f-dc5c-4eed-8da0-365bf89897b9
f37296a2-aebe-4a58-8cb1-dc1e47dbf6a2,Assumenda dolorum molestiae excepturi hic,Earum eaque dolorum officiis quo accusamus esse optio saepe sed ipsam accusantium ab alias facere odit.,2025-10-10,2025-12-27, Abierto ,ec1b8ca1-f91e-4d4c-9ff4-9b7889463e85,98ae4334-6c12-4ce8-ae34-0454cac5b68c,405cacec-8774-49a9-b7d2-1e02ff01cf99
945eb87f-0eff-4a6b-a89a-b92d37c486a1,Eius nostrum et aperiam,,2026-05-09,2026-09-15,EN_CURSO,fc377a4c-4a15-444d-85e7-ce8a3a578a8e,dc713d96-0c0f-4195-817a-f08a1745d6d8,1d53434b-b881-49b9-ae27-0da702f06b90
81b85934-af37-4cf9-af2b-5e3109db40a9,Neque aliquam quaerat aperiam quaerat ea,Accusamus sapiente sed molestiae aliquid doloremque autem magni beatae aspernatur dignissimos.,2026-06-16,2026-11-24,ABIERTO,ec1b8ca1-f91e-4d4c-9ff4-9b7889463e85,28f49481-a0a0-4dc4-a720-9bdf1c11f735,1d53434b-b881-49b9-ae27-0da702f06b90
ae5714e8-d29c-4131-9442-60d25f116839, Architecto incidunt eligendi ad non facere ,Tempore fugiat velit eos adipisci fuga enim corrupti nihil autem distinctio est quaerat.,2026-05-14,2026-07-28,ABIERTO,6b65a6a4-8b81-48f6-b38a-088ca65ed389,988c24c9-61b1-4d22-a280-1c4510435a10,f143262f-dc5c-4eed-8da0-365bf89897b9
b67cb2ac-94dc-4c97-8891-4d9982183bb9,Velit fugiat nesciunt omnis corrupti quis,Veritatis vero voluptatibus natus voluptatum occaecati quasi molestiae.,2026-07-20,2026-09-13,EN_CURSO,0e51f30d-c6a7-4e39-84b0-32ccd7c524a5,dc713d96-0c0f-4195-817a-f08a1745d6d8,1d53434b-b881-49b9-ae27-0da702f06b90
cc5732f2-871b-4b1f-a0e4-0a11d8fbfda5,Non omnis maxime,Eaque saepe eos doloribus doloribus quisquam facere iste quibusdam blanditiis dolores quasi.,2025-11-21,2026-01-05,CERRADO,e2acf72f-9e57-4f7a-a0ee-89aed453dd32,28f49481-a0a0-4dc4-a720-9bdf1c11f735,1d53434b-b881-49b9-ae27-0da702f06b90
5a1ba9db-1466-4189-9ca4-3e7168f0e5f2,Magni totam officiis non ipsum in necessitatibus,Unde doloribus tenetur perferendis pariatur non recusandae exercitationem blanditiis.,2026-09-11,2026-11-21,ABIERTO,47378190-96da-4dac-b2ff-5d2a386ecbe0,988c24c9-61b1-4d22-a280-1c4510435a10,405cacec-8774-49a9-b7d2-1e02ff01cf99
25fd72f4-fbb6-4ff7-8149-61366bc822f4,Laudantium sunt dicta debitis iste cumque in,Quae iusto aut sit rerum ad cumque asperiores maiores minus harum in consectetur possimus dolores.,12/03/2026,2026-07-21,CERRADO,24933b83-7577-40a9-a491-f0b2ea1fca65,28f49481-a0a0-4dc4-a720-9bdf1c11f735,f143262f-dc5c-4eed-8da0-365bf89897b9
d3208f77-e5bd-4b3e-9639-117a1e78ba02,Nihil nulla voluptatibus aliquid qui explicabo,Tenetur occaecati qui ipsa quidem praesentium quasi quam nihil reprehenderit magni corrupti ab nihil.,26/01/2026,2026-01-13,EN_CURSO,10f1bc81-448a-4a9e-a6b2-bc5b50c187fc,7e570ddf-8270-40a8-a369-b584ff5e9ff0,405cacec-8774-49a9-b7d2-1e02ff01cf99
520826b8-611e-415c-b41a-5b09a63f63ea,Debitis quam eius quo doloremque laudantium,Natus tempore neque sapiente incidunt eum et.,23/06/2026,2026-12-07,ABIERTO,ce177b4e-0837-48a3-9261-a7ab3aa2e4f9,988c24c9-61b1-4d22-a280-1c4510435a10,1d53434b-b881-49b9-ae27-0da702f06b90
d06176b3-0abc-46fc-a4a8-87a1f41978cd,Inventore eius sunt et expedita,Blanditiis earum ipsa suscipit enim ullam voluptates quidem unde.,13/12/2025,2026-03-30,ABIERTO,366eb16f-508e-4ad7-b7c9-3acfe059a0ee,956269f0-e5d7-4875-adad-d6c795a76d79,405cacec-8774-49a9-b7d2-1e02ff01cf99
34f3ab8e-1891-425c-a418-c7fd47543604,Saepe quidem ad temporibus vero molestiae reiciendis,,2026-06-20,2026-11-22,CERRADO,1a2a73ed-562b-4f79-8374-59eef50bea63,ff50bde4-3825-47b8-9cab-cc97663f1c97,405cacec-8774-49a9-b7d2-1e02ff01cf99
eb01bba7-4b81-4a84-b42f-790ed4bee4e4,Quaerat ullam blanditiis suscipit,Ea sint voluptatibus quasi blanditiis explicabo aspernatur recusandae quas eveniet magni eius occaecati maiores.,2025-11-23,2026-03-01, Cerrado ,3eabedcb-baa8-4dd4-88bd-64072bcfbe01,956269f0-e5d7-4875-adad-d6c795a76d79,1d53434b-b881-49b9-ae27-0da702f06b90
5097621a-b01c-4d4e-b4f1-7ca912f776d1,Inventore ut recusandae,Deleniti nam saepe numquam veniam occaecati doloribus nesciunt sit dolore deserunt iusto.,2026-08-02,2026-10-08,CERRADO,e27a984d-6548-41d0-bfcd-9eb1a7cad415,988c24c9-61b1-4d22-a280-1c4510435a10,405cacec-8774-49a9-b7d2-1e02ff01cf99
7f297630-bbca-4210-afe6-1a89d059b594,Consectetur odio at maiores quam,,11/04/2026,2026-04-07,EN_CURSO,972a8469-1641-4f82-8b9d-2434e465e150,988c24c9-61b1-4d22-a280-1c4510435a10,405cacec-8774-49a9-b7d2-1e02ff01cf99
2e18b22b-f44f-4031-a82d-487987cc4d1c,Sapiente soluta pariatur laudantium occaecati,Explicabo laboriosam atque beatae sunt quidem enim voluptas eveniet optio blanditiis iure eum beatae possimus provident.,2026-04-11,,EN_CURSO,451b4cf3-6123-4df7-b656-af7229d4beef,bf3c4c06-4343-48bc-89fa-6a688fb5d27b,1d53434b-b881-49b9-ae27-0da702f06b90
ce023728-d712-488a-bbd6-4d37e1d5fcea,Nobis porro adipisci eaque dolor sed illum,Quo ea et hic ipsam id totam eaque quas excepturi repellendus est illum nemo cumque.,01/08/2026,2026-12-12,CERRADO,3139d32c-93cd-49bf-9c94-1cf0dc98d2c1,bf3c4c06-4343-48bc-89fa-6a688fb5d27b,f143262f-dc5c-4eed-8da0-365bf89897b9
f2a81e6e-1c3d-44eb-a012-c6c2c790b84c, Nostrum consectetur molestiae veniam accusantium fugit quos ex ,Quisquam mollitia omnis maxime facere dicta culpa modi similique dolorem reiciendis tenetur.,2025-12-24,2026-03-14,ABIERTO,5be6128e-18c2-4797-a142-ea7d17be3111,956269f0-e5d7-4875-adad-d6c795a76d79,405cacec-8774-49a9-b7d2-1e02ff01cf99
bbbbcccc-8d8e-452b-b732-8d1569d445f3,Velit alias accusantium velit aut,Recusandae aliquam eligendi ad occaecati porro alias quibusdam repellat fugiat id repellendus soluta.,2026-02-10,,EN_CURSO,17fc695a-07a0-4a6e-8822-e8f36c031199,bf3c4c06-4343-48bc-89fa-6a688fb5d27b,405cacec-8774-49a9-b7d2-1e02ff01cf99
81278b86-12ea-4890-9397-477015bd18ba,Accusantium quia molestiae ullam atque nihil,Deserunt non est eum maiores ad earum dicta eaque omnis iusto eos at.,2026-09-04,2027-01-17,ABIERTO,e2acf72f-9e57-4f7a-a0ee-89aed453dd32,98ae4334-6c12-4ce8-ae34-0454cac5b68c,405cacec-8774-49a9-b7d2-1e02ff01cf99
48cff1da-7bbc-4b5d-874f-92058f9d7375,Magni fugit voluptatibus quas veritatis quis quaerat,,11/03/2026,2026-04-29,CERRADO,aefcfad8-efc8-4849-b3aa-7efe4458a885,28f49481-a0a0-4dc4-a720-9bdf1c11f735,f143262f-dc5c-4eed-8da0-365bf89897b9
9dd23036-6737-4ac9-a42e-3d711579bc24,Minima saepe quis animi laudantium illum qui,Alias porro nisi sit eaque distinctio natus laborum libero.,2026-01-10,2026-05-19,EN_CURSO,29a3b2e9-5d65-4441-9588-42dea2bc372f,956269f0-e5d7-4875-adad-d6c795a76d79,1d53434b-b881-49b9-ae27-0da702f06b90
b5786277-761c-4a2b-9263-f8e03c5969c6,Maiores similique voluptatibus aspernatur autem praesentium fugiat,,2026-06-15,2026-11-15,ABIERTO,ddd1dfb2-3b98-4ef8-9af6-1a26146d3f31,956269f0-e5d7-4875-adad-d6c795a76d79,405cacec-8774-49a9-b7d2-1e02ff01cf99
7cb8b49d-864b-489a-8d9b-79fda04c57f6,Quibusdam molestias id error,Voluptatum quam sunt earum eum suscipit natus cumque enim placeat rem veritatis fuga.,2025-12-10,2026-05-11,EN_CURSO,ce177b4e-0837-48a3-9261-a7ab3aa2e4f9,ff50bde4-3825-47b8-9cab-cc97663f1c97,1d53434b-b881-49b9-ae27-0da702f06b90
84f16d9d-af8f-4cf0-851a-9ec71cdde8ca,Corporis illum dolore,Facere adipisci neque possimus inventore dignissimos at ullam fugiat.,2026-04-11,2026-06-18,CERRADO,5304317f-af42-412f-b838-b3268e944239,28f49481-a0a0-4dc4-a720-9bdf1c11f735,f143262f-dc5c-4eed-8da0-365bf89897b9
8a159e92-af74-4e63-8dc4-c81fa8fae904,Iusto natus culpa animi ea nihil fugiat,Quisquam eligendi aperiam nihil consectetur facilis repellat nesciunt quisquam numquam fugit incidunt.,2026-04-13,2026-09-18,CERRADO,beb79919-3f22-4af8-a3be-d01d43cf2fde,bf3c4c06-4343-48bc-89fa-6a688fb5d27b,1d53434b-b881-49b9-ae27-0da702f06b90
f85ad287-93ff-445f-ab80-e44ae7d3f770,Sequi assumenda sequi laudantium voluptatum nihil saepe,Accusamus incidunt sit dolorum ipsa dolore unde veniam totam tempore in.,30/05/2026,2026-09-13,ABIERTO,e27a984d-6548-41d0-bfcd-9eb1a7cad415,28f49481-a0a0-4dc4-a720-9bdf1c11f735,405cacec-8774-49a9-b7d2-1e02ff01cf99
dc02bc29-35db-4396-8c23-e8443c4722f3,Totam occaecati sunt quisquam,Ratione earum aspernatur quod laudantium qui unde ex in ullam aut cum ea.,2026-07-25,2026-12-18,ABIERTO,ddd1dfb2-3b98-4ef8-9af6-1a26146d3f31,98ae4334-6c12-4ce8-ae34-0454cac5b68c,405cacec-8774-49a9-b7d2-1e02ff01cf99
b0937085-0c59-41f8-850d-cbfed60bf603,Impedit fugit molestias labore,Dignissimos placeat ab in aut maxime numquam praesentium in.,15/06/2026,2026-11-19,ABIERTO,b02b61c4-a3d7-4628-ace6-6fa2fd5166e6,988c24c9-61b1-4d22-a280-1c4510435a10,f143262f-dc5c-4eed-8da0-365bf89897b9
f1f71605-a79e-4626-b707-ac0e0d96feb3,Architecto optio optio,Sint accusantium sint officiis doloremque fugit voluptate aut et sint minus delectus.,18/01/2026,2026-07-12,CERRADO,5304317f-af42-412f-b838-b3268e944239,bf3c4c06-4343-48bc-89fa-6a688fb5d27b,1d53434b-b881-49b9-ae27-0da702f06b90
54905f79-aa49-46f4-aad1-d758b319f18d,Iste adipisci labore expedita itaque cupiditate,Non consectetur aut repellendus reiciendis eveniet officiis recusandae minus id impedit nulla.,15/12/2025,2026-04-15,ABIERTO,1a2a73ed-562b-4f79-8374-59eef50bea63,ff50bde4-3825-47b8-9cab-cc97663f1c97,1d53434b-b881-49b9-ae27-0da702f06b90
95635c97-365f-482b-95ee-f45ca9c3640d,Minima necessitatibus impedit,Doloribus libero atque eveniet eligendi voluptatem commodi fuga.,2026-09-15,2027-01-11,CERRADO,aefcfad8-efc8-4849-b3aa-7efe4458a885,dc713d96-0c0f-4195-817a-f08a1745d6d8,405cacec-8774-49a9-b7d2-1e02ff01cf99
55d596af-a663-42cd-b6f6-dbf1d6d441cc,Consequuntur enim rerum possimus,Quis iusto nostrum temporibus accusantium dolor corrupti velit non.,2025-11-12,2026-04-25,EN_CURSO,0e51f30d-c6a7-4e39-84b0-32ccd7c524a5,ff50bde4-3825-47b8-9cab-cc97663f1c97,405cacec-8774-49a9-b7d2-1e02ff01cf99
7a89cbeb-b807-478a-b788-f5d1ffe575f6,Illum illum nemo commodi et asperiores iure,,2026-03-08,2026-06-20,ABIERTO,759cde66-bacf-43d0-8b1f-9163ce9ff57f,28f49481-a0a0-4dc4-a720-9bdf1c11f735,f143262f-dc5c-4eed-8da0-365bf89897b9
bbc51a50-787c-40d3-bdc4-19b20a414919,Alias minus laboriosam reiciendis reprehenderit iste dolores,Quidem possimus illum dolor facere dolores voluptatum accusamus pariatur cum itaque necessitatibus nesciunt voluptate iure.,22/10/2025,2025-12-20,EN_CURSO,972a8469-1641-4f82-8b9d-2434e465e150,ff50bde4-3825-47b8-9cab-cc97663f1c97,1d53434b-b881-49b9-ae27-0da702f06b90
badcc32a-c159-4f53-8a0f-4efbedcd465e,Quae id perferendis fuga tempore,Commodi dolore excepturi nihil dolorem dolore architecto occaecati dolorem temporibus similique architecto dolores pariatur.,2025-12-26,2026-04-28,ABIERTO,23b8c1e9-3924-46de-beb1-3b9046685257,956269f0-e5d7-4875-adad-d6c795a76d79,405cacec-8774-49a9-b7d2-1e02ff01cf99
2ab8bd33-911f-430b-9bff-00b07fe670f3,Culpa quo tempora perferendis beatae qui,Aliquid sint doloribus iusto fugit corrupti ut.,2025-10-26,2025-11-25,ABIERTO,aefcfad8-efc8-4849-b3aa-7efe4458a885,98ae4334-6c12-4ce8-ae34-0454cac5b68c,1d53434b-b881-49b9-ae27-0da702f06b90
e8b3d763-f4ff-4f3a-8d9d-baeb553d2625,Distinctio deleniti qui,Totam possimus provident id dolores eum eligendi iure officiis est facere sunt iure rem.,2026-09-22,2026-11-05,EN_CURSO,371ecd7b-27cd-4130-8722-9389571aa876,dc713d96-0c0f-4195-817a-f08a1745d6d8,405cacec-8774-49a9-b7d2-1e02ff01cf99
96418ced-d664-4264-8c6e-27ffb9de7a3a,Voluptatum laudantium corrupti molestiae exercitationem mollitia molestiae iste,Sit voluptatem dolores fugit sequi illum et labore totam fugit voluptates recusandae.,2026-01-22,2026-05-12,ABIERTO,10f1bc81-448a-4a9e-a6b2-bc5b50c187fc,bf3c4c06-4343-48bc-89fa-6a688fb5d27b,1d53434b-b881-49b9-ae27-0da702f06b90
b5786277-761c-4a2b-9263-f8e03c5969c6,Maiores similique voluptatibus aspernatur autem praesentium fugiat,,2026-06-15,2026-11-15,ABIERTO,ddd1dfb2-3b98-4ef8-9af6-1a26146d3f31,956269f0-e5d7-4875-adad-d6c795a76d79,405cacec-8774-49a9-b7d2-1e02ff01cf99
9e90d107-0611-4bfe-88b6-f61d316da914, Animi nisi tempora dolor ,,10/01/2026,2026-06-12,EN_CURSO,e27a984d-6548-41d0-bfcd-9eb1a7cad415,ff50bde4-3825-47b8-9cab-cc97663f1c97,f143262f-dc5c-4eed-8da0-365bf89897b9
002c4c22-74de-4f70-b0f8-1dba28719b9b,Dicta porro consequatur officiis culpa ut,At facere assumenda optio officiis amet numquam quas quidem inventore at.,03/09/2026,2027-02-21,CERRADO,0e51f30d-c6a7-4e39-84b0-32ccd7c524a5,98ae4334-6c12-4ce8-ae34-0454cac5b68c,1d53434b-b881-49b9-ae27-0da702f06b90
32f75350-f9a7-42dc-9d1c-19061090dc9d,Dicta sapiente illo doloremque incidunt libero,Nisi quidem reiciendis velit explicabo pariatur veniam voluptates maiores corporis iste commodi laudantium doloremque velit adipisci.,09/12/2025,2026-01-19,CERRADO,0e51f30d-c6a7-4e39-84b0-32ccd7c524a5,7e570ddf-8270-40a8-a369-b584ff5e9ff0,405cacec-8774-49a9-b7d2-1e02ff01cf99
2f589a81-67c5-429b-b400-a5e1dfcb821b,Occaecati provident a occaecati harum porro,Adipisci incidunt earum veniam molestiae recusandae ratione aspernatur sunt quasi amet veniam perferendis suscipit beatae.,27/11/2025,,CERRADO,6b65a6a4-8b81-48f6-b38a-088ca65ed389,956269f0-e5d7-4875-adad-d6c795a76d79,f143262f-dc5c-4eed-8da0-365bf89897b9
a7a8f636-6a35-4f59-a2aa-7a5d278ed00d,Rerum nulla vel eius,,2026-07-14,,CERRADO,43b7a3a6-9a8d-4a03-980d-7b71d8f56413,7e570ddf-8270-40a8-a369-b584ff5e9ff0,405cacec-8774-49a9-b7d2-1e02ff01cf99
db6ae7db-a888-47af-bca3-9bae79e3202e,Quasi eos deserunt corporis,Soluta quos quaerat adipisci libero assumenda rerum voluptatum voluptates iure tempore veritatis laboriosam molestiae doloribus.,2026-10-01,2027-02-03,CERRADO,371ecd7b-27cd-4130-8722-9389571aa876,dc713d96-0c0f-4195-817a-f08a1745d6d8,f143262f-dc5c-4eed-8da0-365bf89897b9
93ed82c5-1cf8-4164-913b-776ed08ce31e,Vero eius at voluptatum delectus harum,Laudantium laboriosam voluptate nobis odio consequuntur velit ullam fugit molestias molestiae laudantium.,08/04/2026,2026-08-17,ABIERTO,972a8469-1641-4f82-8b9d-2434e465e150,ff50bde4-3825-47b8-9cab-cc97663f1c97,f143262f-dc5c-4eed-8da0-365bf89897b9
518b2f21-9cf2-4859-ae6e-2e7253f591dc,Hic nulla sapiente nisi,Repudiandae minus provident error repellendus fuga perferendis voluptatem nesciunt reiciendis quas porro ad labore.,28/11/2025,2025-11-02,EN_CURSO,0e51f30d-c6a7-4e39-84b0-32ccd7c524a5,988c24c9-61b1-4d22-a280-1c4510435a10,f143262f-dc5c-4eed-8da0-365bf89897b9
7f297630-bbca-4210-afe6-1a89d059b594,Consectetur odio at maiores quam,,11/04/2026,2026-04-07,EN_CURSO,972a8469-1641-4f82-8b9d-2434e465e150,988c24c9-61b1-4d22-a280-1c4510435a10,405cacec-8774-49a9-b7d2-1e02ff01cf99
